word1,word2,similarity_out_of_7,similarity
burger,sandwich,6,8.333333333333334
blue,violet,6,8.333333333333334
splash,wash,4,5.0
rust,rusty,7,10.0
snake,strawberry,1,0.0
arrow,boxer,1,0.0
room,staircase,4,5.0
cloud,kitten,1,0.0
moss,plant,5,6.666666666666667
guy,people,5,6.666666666666667
nail,wolf,1,0.0
hamster,party,1,0.0
glass,vinyl,6,8.333333333333334
boy,gate,1,0.0
city,mill,4,5.0
blossom,orange,3,3.3333333333333335
leave,play,1,0.0
mill,puddle,1,0.0
knit,stitch,5,6.666666666666667
tunnel,underground,5,6.666666666666667
lamb,mother,3,3.3333333333333335
run,train,4,5.0
bedroom,ceiling,5,6.666666666666667
explosion,table,1,0.0
dessert,eye,1,0.0
animal,sandwich,1,0.0
forest,tropical,5,6.666666666666667
bag,cop,1,0.0
husky,play,3,3.3333333333333335
daffodil,wool,2,1.6666666666666667
iron,rusty,5,6.666666666666667
patio,pool,5,6.666666666666667
leather,sunshine,2,1.6666666666666667
horse,work,4,5.0
red,yellow,6,8.333333333333334
green,number,1,0.0
dessert,head,1,0.0
costume,ocean,1,0.0
collage,stream,1,0.0
garden,house,5,6.666666666666667
fruit,strawberry,6,8.333333333333334
jean,shirt,6,8.333333333333334
bath,panorama,2,1.6666666666666667
airplane,camera,1,0.0
downtown,metro,5,6.666666666666667
blue,shade,5,6.666666666666667
dawn,sun,5,6.666666666666667
breakfast,sleep,2,1.6666666666666667
coin,musician,1,0.0
family,red,1,0.0
green,red,5,6.666666666666667
garage,kitchen,5,6.666666666666667
brick,porch,2,1.6666666666666667
eagle,feather,5,6.666666666666667
color,shade,6,8.333333333333334
lingerie,underground,1,0.0
harbor,sea,6,8.333333333333334
fun,sexy,4,5.0
cake,rusty,1,0.0
city,live,4,5.0
foot,outdoor,3,3.3333333333333335
nest,stork,5,6.666666666666667
cold,frozen,7,10.0
stripe,urban,1,0.0
river,scenery,5,6.666666666666667
bedroom,pool,4,5.0
diner,muscle,1,0.0
action,truck,1,0.0
lily,plant,6,8.333333333333334
fly,keyboard,2,1.6666666666666667
cute,fashion,3,3.3333333333333335
cooking,salad,5,6.666666666666667
lip,smile,6,8.333333333333334
bag,dude,1,0.0
cooking,food,6,8.333333333333334
church,porch,4,5.0
breakfast,kitchen,5,6.666666666666667
monkey,oak,2,1.6666666666666667
apartment,staircase,4,5.0
bag,wire,3,3.3333333333333335
guy,stand,2,1.6666666666666667
cat,kitten,7,10.0
giraffe,zebra,6,8.333333333333334
bacon,meat,6,8.333333333333334
sit,stop,4,5.0
interior,roof,5,6.666666666666667
bay,parking,2,1.6666666666666667
lunch,morning,4,5.0
brown,yellow,6,8.333333333333334
ocean,water,6,8.333333333333334
angel,sculpture,5,6.666666666666667
drive,lego,1,0.0
hill,scenery,5,6.666666666666667
bay,curve,2,1.6666666666666667
breakfast,night,3,3.3333333333333335
outfit,sock,5,6.666666666666667
guitar,nude,1,0.0
smile,stand,1,0.0
foliage,restaurant,1,0.0
apartment,bathroom,6,8.333333333333334
paint,puddle,2,1.6666666666666667
beef,meat,6,8.333333333333334
frost,winter,6,8.333333333333334
bathroom,room,6,8.333333333333334
beef,deer,4,5.0
black,cigarette,2,1.6666666666666667
clothes,dress,7,10.0
marble,statue,5,6.666666666666667
smoking,sunny,1,0.0
kitten,travel,1,0.0
hill,mountain,6,8.333333333333334
bedroom,sleep,6,8.333333333333334
beef,potato,5,6.666666666666667
bike,chopper,4,5.0
evening,sleep,5,6.666666666666667
salad,tomato,6,8.333333333333334
bath,patio,4,5.0
gull,mill,3,3.3333333333333335
face,tear,5,6.666666666666667
fruit,nut,5,6.666666666666667
arm,outdoor,1,0.0
food,meat,6,8.333333333333334
grass,lawn,6,8.333333333333334
fish,theatre,1,0.0
lick,sit,1,0.0
portrait,rocket,1,0.0
computer,railway,1,0.0
husky,painting,2,1.6666666666666667
cemetery,cone,1,0.0
branch,tea,5,6.666666666666667
cherry,fruit,6,8.333333333333334
automobile,vehicle,6,8.333333333333334
chess,toy,3,3.3333333333333335
ancient,pod,1,0.0
happy,rusty,1,0.0
burger,eat,6,8.333333333333334
mushroom,salad,6,8.333333333333334
skateboard,swimsuit,2,1.6666666666666667
crochet,jewelry,5,6.666666666666667
autumn,summer,6,8.333333333333334
poodle,puppy,2,1.6666666666666667
brick,staircase,4,5.0
fun,lego,5,6.666666666666667
fish,rocket,1,0.0
guy,kid,6,8.333333333333334
jazz,piano,6,8.333333333333334
live,race,2,1.6666666666666667
bride,dress,6,8.333333333333334
ivy,plant,6,8.333333333333334
bright,light,6,8.333333333333334
subway,underground,6,8.333333333333334
bucket,insect,3,3.3333333333333335
shore,tear,1,0.0
band,punk,5,6.666666666666667
holiday,vacation,7,10.0
sit,sleep,5,6.666666666666667
station,underground,5,6.666666666666667
subway,valentine,1,0.0
happy,sexy,3,3.3333333333333335
feel,sit,1,0.0
floor,kitchen,5,6.666666666666667
hotel,restaurant,6,8.333333333333334
jean,wash,5,6.666666666666667
parking,underground,5,6.666666666666667
origami,stadium,1,0.0
feel,smile,2,1.6666666666666667
amphibian,flamingo,3,3.3333333333333335
sink,sunset,1,0.0
bright,fruit,1,0.0
bacon,bread,4,5.0
garden,lawn,6,8.333333333333334
orange,school,1,0.0
lab,spider,3,3.3333333333333335
dude,hang,2,1.6666666666666667
clown,jellyfish,1,0.0
kitten,rain,1,0.0
boxer,lighthouse,1,0.0
porch,tower,3,3.3333333333333335
feel,kiss,4,5.0
handle,terrier,1,0.0
strawberry,sweet,6,8.333333333333334
flower,violet,5,6.666666666666667
dance,hotel,3,3.3333333333333335
man,sexy,4,5.0
leave,stop,4,5.0
cherry,grape,6,8.333333333333334
figure,skating,5,6.666666666666667
puddle,water,6,8.333333333333334
cherry,vine,4,5.0
military,soldier,7,10.0
restaurant,shopping,4,5.0
paint,picture,5,6.666666666666667
chicken,knit,1,0.0
bear,subway,1,0.0
baseball,play,6,8.333333333333334
misty,sunrise,5,6.666666666666667
art,exhibition,6,8.333333333333334
lawn,sleep,2,1.6666666666666667
camera,rally,2,1.6666666666666667
cute,sit,1,0.0
party,scooter,1,0.0
diner,restaurant,6,8.333333333333334
dark,sand,3,3.3333333333333335
bed,floor,3,3.3333333333333335
lake,water,6,8.333333333333334
city,downtown,6,8.333333333333334
rusty,shade,2,1.6666666666666667
brown,demolition,1,0.0
boat,sailing,6,8.333333333333334
cute,haircut,5,6.666666666666667
light,sunlight,6,8.333333333333334
guy,sport,4,5.0
leave,walk,4,5.0
staircase,wall,4,5.0
dude,fun,4,5.0
office,table,5,6.666666666666667
fruit,orange,5,6.666666666666667
apartment,beach,3,3.3333333333333335
town,village,6,8.333333333333334
feline,reptile,3,3.3333333333333335
tall,tower,5,6.666666666666667
dew,parrot,1,0.0
coffee,lunch,5,6.666666666666667
cold,frost,6,8.333333333333334
mist,wet,5,6.666666666666667
cone,windmill,1,0.0
military,wasp,1,0.0
dessert,strawberry,5,6.666666666666667
cake,library,1,0.0
eat,food,6,8.333333333333334
hawk,owl,6,8.333333333333334
cactus,porch,4,5.0
road,sidewalk,6,8.333333333333334
makeup,reflection,2,1.6666666666666667
bike,flame,1,0.0
pillow,stone,2,1.6666666666666667
sunshine,winter,3,3.3333333333333335
escalator,redhead,1,0.0
boardwalk,park,4,5.0
orange,salad,2,1.6666666666666667
museum,scratch,1,0.0
punk,skyscraper,1,0.0
furniture,nature,2,1.6666666666666667
explosion,stencil,1,0.0
camera,mallard,1,0.0
ancient,ruin,6,8.333333333333334
stand,walk,6,8.333333333333334
apple,cherry,6,8.333333333333334
hummingbird,moss,3,3.3333333333333335
dinner,evening,5,6.666666666666667
forest,oak,6,8.333333333333334
sit,stand,6,8.333333333333334
ceiling,marble,4,5.0
salad,soup,6,8.333333333333334
couple,race,1,0.0
skull,storm,1,0.0
skyline,tall,4,5.0
pet,poodle,2,1.6666666666666667
sky,sunshine,5,6.666666666666667
arch,bridge,6,8.333333333333334
face,glitter,2,1.6666666666666667
airport,traffic,5,6.666666666666667
rail,train,6,8.333333333333334
grey,rusty,4,5.0
scenery,waterfall,5,6.666666666666667
harbor,shore,5,6.666666666666667
garbage,jean,1,0.0
rock,sing,6,8.333333333333334
family,female,5,6.666666666666667
escalator,underground,3,3.3333333333333335
santa,table,1,0.0
city,small,4,5.0
guitar,vinyl,4,5.0
cottage,garden,6,8.333333333333334
dome,uniform,2,1.6666666666666667
path,sunflower,2,1.6666666666666667
grass,ruin,3,3.3333333333333335
fishing,harbour,5,6.666666666666667
coast,downtown,3,3.3333333333333335
cocktail,write,1,0.0
bread,cliff,1,0.0
bed,furniture,5,6.666666666666667
gold,silver,6,8.333333333333334
rusty,tear,1,0.0
relax,sit,5,6.666666666666667
smile,view,2,1.6666666666666667
aircraft,guy,2,1.6666666666666667
bird,gull,6,8.333333333333334
cat,paw,6,8.333333333333334
diamond,stencil,2,1.6666666666666667
bacon,salad,5,6.666666666666667
blue,green,6,8.333333333333334
bloom,foliage,6,8.333333333333334
scenery,skyline,6,8.333333333333334
church,soldier,2,1.6666666666666667
bird,dragonfly,4,5.0
parrot,reptile,4,5.0
house,poster,2,1.6666666666666667
dude,husky,2,1.6666666666666667
journal,squirrel,1,0.0
guy,poodle,1,0.0
bath,bedroom,5,6.666666666666667
diner,eat,6,8.333333333333334
feather,reptile,2,1.6666666666666667
abandon,crane,1,0.0
dude,sexy,4,5.0
shade,sunlight,5,6.666666666666667
amphibian,frog,6,8.333333333333334
fun,idea,4,5.0
carrot,memorial,1,0.0
bird,insect,5,6.666666666666667
cottage,patio,4,5.0
nail,rusty,5,6.666666666666667
carrot,salad,6,8.333333333333334
dirt,dirty,7,10.0
hill,valley,6,8.333333333333334
amphibian,lizard,6,8.333333333333334
burger,dessert,4,5.0
duck,goose,6,8.333333333333334
brown,feather,4,5.0
fire,movie,1,0.0
beetle,chocolate,1,0.0
flood,neon,1,0.0
chapel,dusk,2,1.6666666666666667
eat,truck,1,0.0
fashion,outfit,6,8.333333333333334
branch,protest,1,0.0
brown,white,5,6.666666666666667
cemetery,graveyard,7,10.0
crystal,silhouette,2,1.6666666666666667
giraffe,harbor,1,0.0
friend,relax,3,3.3333333333333335
hawk,nest,5,6.666666666666667
berry,strawberry,6,8.333333333333334
feather,mallard,5,6.666666666666667
breakfast,restaurant,5,6.666666666666667
flower,lily,6,8.333333333333334
dawn,spring,3,3.3333333333333335
brick,interior,3,3.3333333333333335
art,sculpture,5,6.666666666666667
dancer,rusty,1,0.0
arch,concrete,4,5.0
frost,protest,1,0.0
cliff,shore,6,8.333333333333334
hang,rusty,1,0.0
harbour,sea,6,8.333333333333334
shop,summer,1,0.0
building,concrete,6,8.333333333333334
skyline,tower,5,6.666666666666667
feather,sunflower,2,1.6666666666666667
dude,smile,2,1.6666666666666667
brick,construction,6,8.333333333333334
bathroom,sleep,2,1.6666666666666667
cottage,sleep,4,5.0
orange,raspberry,2,1.6666666666666667
hawk,mallard,5,6.666666666666667
dirt,gymnastics,2,1.6666666666666667
abstract,rally,1,0.0
gravestone,silhouette,2,1.6666666666666667
pool,swim,6,8.333333333333334
animal,mural,1,0.0
blue,white,5,6.666666666666667
lighting,person,1,0.0
lamb,snow,1,0.0
clothes,sock,5,6.666666666666667
evening,fun,3,3.3333333333333335
pod,round,2,1.6666666666666667
carrot,potato,6,8.333333333333334
arrow,mural,2,1.6666666666666667
glitter,night,2,1.6666666666666667
cloud,sunny,5,6.666666666666667
night,stop,2,1.6666666666666667
design,orange,2,1.6666666666666667
berry,seed,4,5.0
pregnancy,sit,2,1.6666666666666667
dude,time,1,0.0
ruin,tower,4,5.0
dawn,sunny,5,6.666666666666667
gull,insect,4,5.0
art,collage,5,6.666666666666667
ceramic,tile,6,8.333333333333334
bath,bathroom,7,10.0
drop,fun,1,0.0
smile,stop,1,0.0
meat,pond,1,0.0
station,theatre,3,3.3333333333333335
evening,relax,4,5.0
pigeon,reading,1,0.0
pet,poster,1,0.0
dance,dancer,7,10.0
smoking,vine,1,0.0
brick,rabbit,1,0.0
art,museum,6,8.333333333333334
oak,twig,5,6.666666666666667
dessert,orange,3,3.3333333333333335
blue,swing,2,1.6666666666666667
amphibian,dragonfly,3,3.3333333333333335
dye,kiss,1,0.0
hot,zombie,1,0.0
doll,new,3,3.3333333333333335
cocktail,dandelion,1,0.0
pepper,strawberry,3,3.3333333333333335
mirror,raspberry,1,0.0
cold,wash,3,3.3333333333333335
blue,poster,2,1.6666666666666667
sock,white,4,5.0
cliff,coast,6,8.333333333333334
crane,wild,5,6.666666666666667
dessert,noodle,4,5.0
aquarium,coin,1,0.0
drug,reflection,1,0.0
bicycle,handwriting,1,0.0
cattle,goat,4,5.0
pink,shade,5,6.666666666666667
carrot,city,1,0.0
mom,smile,3,3.3333333333333335
abstract,feel,2,1.6666666666666667
brown,violet,5,6.666666666666667
downtown,sidewalk,5,6.666666666666667
cute,smile,4,5.0
relax,restaurant,3,3.3333333333333335
downtown,urban,7,10.0
swim,swimming,7,10.0
white,yellow,6,8.333333333333334
bacon,burger,5,6.666666666666667
computer,lab,5,6.666666666666667
frozen,salad,5,6.666666666666667
action,dress,1,0.0
book,building,1,0.0
costume,shirt,5,6.666666666666667
photographer,wedding,5,6.666666666666667
brown,gull,3,3.3333333333333335
apartment,patio,5,6.666666666666667
fruit,sweet,5,6.666666666666667
door,staircase,4,5.0
skyline,view,6,8.333333333333334
protest,tile,1,0.0
bus,subway,5,6.666666666666667
coast,scenery,5,6.666666666666667
bedroom,relax,5,6.666666666666667
bed,ceiling,4,5.0
handwriting,sketch,5,6.666666666666667
coast,sketch,3,3.3333333333333335
line,underground,5,6.666666666666667
belly,draw,1,0.0
carrot,soup,5,6.666666666666667
fungus,leather,2,1.6666666666666667
photo,picture,7,10.0
bed,picture,1,0.0
eat,soup,6,8.333333333333334
canine,dog,7,10.0
baseball,game,6,8.333333333333334
friend,guy,6,8.333333333333334
egg,nest,6,8.333333333333334
fruit,raspberry,6,8.333333333333334
sea,shore,6,8.333333333333334
hang,mom,1,0.0
hot,sunshine,3,3.3333333333333335
photographer,portrait,5,6.666666666666667
paper,vine,1,0.0
beach,swimming,5,6.666666666666667
computer,farm,1,0.0
bakery,panorama,1,0.0
bath,wash,6,8.333333333333334
leave,smile,1,0.0
fabric,photo,1,0.0
carrot,tomato,6,8.333333333333334
memorial,rope,1,0.0
fungus,moss,6,8.333333333333334
sunglasses,weed,1,0.0
flower,interior,2,1.6666666666666667
feather,hawk,5,6.666666666666667
festival,music,5,6.666666666666667
car,park,5,6.666666666666667
lake,scenery,5,6.666666666666667
black,yellow,5,6.666666666666667
dead,sidewalk,1,0.0
happy,stop,1,0.0
lick,pier,1,0.0
outfit,punk,5,6.666666666666667
day,lunch,3,3.3333333333333335
lily,purple,4,5.0
outfit,sign,1,0.0
animal,giraffe,5,6.666666666666667
outfit,play,3,3.3333333333333335
dirt,road,4,5.0
paint,portrait,6,8.333333333333334
canine,husky,6,8.333333333333334
drip,wet,5,6.666666666666667
foliage,moss,6,8.333333333333334
orange,purple,5,6.666666666666667
paper,tattoo,3,3.3333333333333335
kiss,rusty,1,0.0
dirt,racing,1,0.0
costume,wig,5,6.666666666666667
rabbit,sphere,1,0.0
fish,leg,1,0.0
guy,haircut,4,5.0
storm,wind,6,8.333333333333334
daffodil,frost,2,1.6666666666666667
park,parking,6,8.333333333333334
ford,valley,3,3.3333333333333335
branch,lego,1,0.0
bible,misty,1,0.0
banana,cherry,5,6.666666666666667
baby,pregnant,5,6.666666666666667
reptile,wild,5,6.666666666666667
punk,vinyl,5,6.666666666666667
flag,stripe,5,6.666666666666667
mother,son,6,8.333333333333334
bed,staircase,4,5.0
jean,skirt,6,8.333333333333334
bright,mist,4,5.0
clothes,skyline,1,0.0
eye,face,6,8.333333333333334
angel,construction,1,0.0
brick,wall,6,8.333333333333334
dirty,drip,3,3.3333333333333335
blue,sky,5,6.666666666666667
night,sunny,4,5.0
aircraft,airplane,7,10.0
church,cookie,1,0.0
star,storm,1,0.0
interior,skyscraper,3,3.3333333333333335
bright,yellow,4,5.0
eat,meat,6,8.333333333333334
snow,weather,5,6.666666666666667
morning,tear,1,0.0
happy,sit,1,0.0
foliage,ivy,5,6.666666666666667
mill,sunflower,2,1.6666666666666667
landscape,scenery,7,10.0
happy,sleep,2,1.6666666666666667
arm,bicycle,2,1.6666666666666667
crystal,dirt,1,0.0
evening,sunny,3,3.3333333333333335
mammal,yellow,1,0.0
lake,valley,5,6.666666666666667
people,stop,2,1.6666666666666667
daffodil,petal,5,6.666666666666667
car,vehicle,6,8.333333333333334
leave,morning,2,1.6666666666666667
dawn,sunshine,3,3.3333333333333335
bloom,flower,6,8.333333333333334
blonde,redhead,6,8.333333333333334
happy,night,2,1.6666666666666667
door,floor,5,6.666666666666667
automobile,police,4,5.0
fungus,rust,3,3.3333333333333335
purple,white,5,6.666666666666667
bedroom,room,6,8.333333333333334
asphalt,moon,2,1.6666666666666667
soup,view,1,0.0
collage,sculpture,2,1.6666666666666667
machine,wash,3,3.3333333333333335
bacon,potato,5,6.666666666666667
potato,rice,5,6.666666666666667
reading,seagull,1,0.0
peel,skin,6,8.333333333333334
camel,desert,6,8.333333333333334
skin,skirt,4,5.0
dancer,palace,3,3.3333333333333335
fruit,salad,5,6.666666666666667
hummingbird,pelican,5,6.666666666666667
shade,whisker,1,0.0
dirty,rabbit,2,1.6666666666666667
airport,asphalt,3,3.3333333333333335
concert,musician,6,8.333333333333334
clothes,jacket,6,8.333333333333334
feel,sleep,1,0.0
patio,sleep,2,1.6666666666666667
bus,crane,1,0.0
burger,meat,6,8.333333333333334
berry,fly,1,0.0
chipmunk,wolf,4,5.0
evening,friend,2,1.6666666666666667
dude,sit,2,1.6666666666666667
christmas,valentine,4,5.0
child,fun,4,5.0
ceiling,mug,1,0.0
happy,kiss,3,3.3333333333333335
bright,shade,5,6.666666666666667
hawk,pelican,5,6.666666666666667
kiss,love,6,8.333333333333334
bike,patio,2,1.6666666666666667
harbour,sink,4,5.0
brown,purple,5,6.666666666666667
purple,stripe,4,5.0
feel,friend,2,1.6666666666666667
crow,hawk,6,8.333333333333334
asphalt,road,6,8.333333333333334
sexy,smile,3,3.3333333333333335
canyon,mountain,6,8.333333333333334
dessert,rice,5,6.666666666666667
scenery,sketch,5,6.666666666666667
collar,skirt,4,5.0
hang,stencil,1,0.0
rabbit,stop,1,0.0
dude,guy,7,10.0
cherry,raspberry,6,8.333333333333334
coin,ticket,5,6.666666666666667
country,library,3,3.3333333333333335
field,squirrel,3,3.3333333333333335
day,time,6,8.333333333333334
female,race,2,1.6666666666666667
book,illustration,5,6.666666666666667
shore,waterfall,5,6.666666666666667
blue,grey,6,8.333333333333334
harbour,port,7,10.0
guitar,musician,6,8.333333333333334
aquarium,seagull,3,3.3333333333333335
magazine,run,1,0.0
cute,sexy,5,6.666666666666667
flame,peacock,1,0.0
happy,idea,2,1.6666666666666667
fruit,sunflower,3,3.3333333333333335
leg,stripe,2,1.6666666666666667
rice,ticket,1,0.0
baseball,shirt,4,5.0
morning,sunset,4,5.0
decoration,lighting,3,3.3333333333333335
bed,bedroom,6,8.333333333333334
drip,rust,2,1.6666666666666667
bible,dirt,1,0.0
kiss,smile,4,5.0
ivy,oak,3,3.3333333333333335
lily,rose,6,8.333333333333334
club,shirt,4,5.0
guitar,punk,5,6.666666666666667
horse,sweet,1,0.0
cloud,sunlight,5,6.666666666666667
asphalt,water,2,1.6666666666666667
green,violet,5,6.666666666666667
shopping,street,4,5.0
flight,fly,7,10.0
bud,purple,4,5.0
misty,sunshine,4,5.0
highway,road,6,8.333333333333334
feline,paw,6,8.333333333333334
ceiling,interior,5,6.666666666666667
fountain,marble,5,6.666666666666667
harbor,ship,6,8.333333333333334
fun,happy,5,6.666666666666667
craft,van,5,6.666666666666667
apple,raspberry,5,6.666666666666667
lingerie,sexy,6,8.333333333333334
carrot,sunflower,4,5.0
band,ear,2,1.6666666666666667
pool,splash,4,5.0
dessert,wine,5,6.666666666666667
bedroom,porch,2,1.6666666666666667
band,piano,5,6.666666666666667
caterpillar,paint,1,0.0
cloud,misty,6,8.333333333333334
art,painting,5,6.666666666666667
burn,fire,6,8.333333333333334
road,traffic,6,8.333333333333334
hotel,oak,2,1.6666666666666667
dawn,misty,5,6.666666666666667
evening,surfer,1,0.0
bacon,dessert,3,3.3333333333333335
night,sticker,1,0.0
dawn,night,5,6.666666666666667
goat,milk,4,5.0
skyscraper,tower,6,8.333333333333334
game,rocket,2,1.6666666666666667
kitchen,room,5,6.666666666666667
dessert,eat,6,8.333333333333334
bench,game,3,3.3333333333333335
feel,stop,2,1.6666666666666667
day,sunshine,4,5.0
handle,tram,1,0.0
ball,curl,1,0.0
construction,downtown,3,3.3333333333333335
blossom,foliage,5,6.666666666666667
ceiling,floor,6,8.333333333333334
beef,downtown,1,0.0
red,white,5,6.666666666666667
puddle,splash,4,5.0
rope,train,1,0.0
skate,skating,6,8.333333333333334
bay,chipmunk,1,0.0
petal,pink,5,6.666666666666667
aircraft,asphalt,2,1.6666666666666667
happy,morning,3,3.3333333333333335
daisy,flower,6,8.333333333333334
canal,number,1,0.0
highway,traffic,6,8.333333333333334
pattern,pier,1,0.0
draw,wing,1,0.0
couple,live,2,1.6666666666666667
guy,hang,2,1.6666666666666667
canine,pet,4,5.0
cute,fun,3,3.3333333333333335
door,window,6,8.333333333333334
bay,swim,5,6.666666666666667
dew,rain,6,8.333333333333334
kid,stop,2,1.6666666666666667
mud,sand,6,8.333333333333334
hair,redhead,5,6.666666666666667
ceiling,porch,3,3.3333333333333335
fishing,rainbow,2,1.6666666666666667
abstract,museum,2,1.6666666666666667
mom,stop,2,1.6666666666666667
dead,hang,4,5.0
bed,room,4,5.0
frozen,ice,6,8.333333333333334
day,sunset,5,6.666666666666667
purple,twig,2,1.6666666666666667
boxer,child,1,0.0
circle,snake,2,1.6666666666666667
mallard,stork,5,6.666666666666667
morning,relax,2,1.6666666666666667
bloom,lily,6,8.333333333333334
bus,rail,4,5.0
brown,red,5,6.666666666666667
beauty,orchid,3,3.3333333333333335
misty,rain,4,5.0
morning,sunrise,6,8.333333333333334
scenery,valley,4,5.0
kitchen,porch,3,3.3333333333333335
ceramic,ocean,1,0.0
eat,frozen,3,3.3333333333333335
cooking,fruit,4,5.0
gasoline,pepper,1,0.0
lunch,sit,2,1.6666666666666667
foliage,rose,4,5.0
concert,piano,5,6.666666666666667
friend,rusty,1,0.0
button,grey,3,3.3333333333333335
black,pink,5,6.666666666666667
cliff,scenery,5,6.666666666666667
bread,chair,2,1.6666666666666667
cocktail,restaurant,3,3.3333333333333335
bikini,sculpture,1,0.0
cocktail,dinner,4,5.0
grass,skull,1,0.0
diamond,parade,2,1.6666666666666667
frost,summer,2,1.6666666666666667
puddle,rain,5,6.666666666666667
cliff,sand,5,6.666666666666667
bible,cottage,1,0.0
flamingo,stork,6,8.333333333333334
kid,mom,6,8.333333333333334
grape,vine,6,8.333333333333334
face,lip,6,8.333333333333334
food,noodle,5,6.666666666666667
chopper,poppy,1,0.0
music,piano,6,8.333333333333334
canine,pug,6,8.333333333333334
construction,sailing,1,0.0
parking,photographer,1,0.0
cattle,web,1,0.0
cherry,peel,2,1.6666666666666667
miniature,painting,4,5.0
bar,diner,6,8.333333333333334
jump,swimming,3,3.3333333333333335
band,bride,2,1.6666666666666667
leather,shoe,5,6.666666666666667
display,pond,2,1.6666666666666667
card,party,2,1.6666666666666667
fly,sexy,1,0.0
dusk,misty,4,5.0
dragonfly,underwater,1,0.0
auto,round,2,1.6666666666666667
flower,pink,5,6.666666666666667
railway,station,6,8.333333333333334
race,square,1,0.0
haircut,smile,3,3.3333333333333335
live,old,4,5.0
meat,soup,5,6.666666666666667
bloom,daisy,6,8.333333333333334
black,violet,5,6.666666666666667
rain,storm,5,6.666666666666667
railroad,underground,4,5.0
cold,misty,5,6.666666666666667
curl,whisker,3,3.3333333333333335
cat,locomotive,1,0.0
ipod,rope,1,0.0
quote,santa,1,0.0
downtown,ruin,2,1.6666666666666667
rain,weather,5,6.666666666666667
match,round,5,6.666666666666667
foot,friend,1,0.0
fungus,wedding,1,0.0
meat,moon,1,0.0
hawk,reptile,5,6.666666666666667
blue,color,6,8.333333333333334
city,square,3,3.3333333333333335
scenery,sunset,4,5.0
face,stop,1,0.0
bloom,rose,6,8.333333333333334
chess,sleep,1,0.0
decoration,tulip,3,3.3333333333333335
spiral,staircase,5,6.666666666666667
puddle,red,2,1.6666666666666667
foliage,yellow,4,5.0
photo,photography,6,8.333333333333334
cactus,fall,2,1.6666666666666667
painting,portrait,6,8.333333333333334
art,work,5,6.666666666666667
fountain,parade,1,0.0
drive,ear,1,0.0
parade,store,1,0.0
beach,pebble,5,6.666666666666667
feel,stair,1,0.0
blossom,daffodil,5,6.666666666666667
beef,salad,4,5.0
nature,new,1,0.0
gull,stork,6,8.333333333333334
interior,wall,5,6.666666666666667
feather,peacock,6,8.333333333333334
porch,pug,2,1.6666666666666667
circle,wig,1,0.0
pumpkin,road,1,0.0
hang,happy,1,0.0
fungus,insect,2,1.6666666666666667
cigarette,hotel,2,1.6666666666666667
match,moss,1,0.0
black,pencil,5,6.666666666666667
beach,sand,6,8.333333333333334
coast,shore,6,8.333333333333334
child,family,6,8.333333333333334
mammal,nest,3,3.3333333333333335
cold,sunshine,3,3.3333333333333335
cat,lick,3,3.3333333333333335
day,hold,1,0.0
dinner,restaurant,5,6.666666666666667
foliage,purple,4,5.0
glitter,sunshine,3,3.3333333333333335
blue,pink,6,8.333333333333334
colour,rainbow,6,8.333333333333334
mountain,sea,6,8.333333333333334
bathroom,bedroom,6,8.333333333333334
roof,stair,5,6.666666666666667
beef,lamb,6,8.333333333333334
rail,station,6,8.333333333333334
skirt,white,4,5.0
collage,exhibition,5,6.666666666666667
pole,weather,4,5.0
arch,brick,5,6.666666666666667
ruin,skyline,4,5.0
hummingbird,mallard,5,6.666666666666667
splash,water,6,8.333333333333334
autumn,bud,3,3.3333333333333335
door,patio,4,5.0
dinner,morning,2,1.6666666666666667
nest,reptile,4,5.0
cafe,street,5,6.666666666666667
fly,toy,2,1.6666666666666667
cat,kitty,7,10.0
fabric,wool,6,8.333333333333334
cathedral,church,6,8.333333333333334
autumn,spring,6,8.333333333333334
fall,love,1,0.0
glitter,sky,3,3.3333333333333335
cone,palm,3,3.3333333333333335
couple,male,4,5.0
exhibition,work,4,5.0
dark,violet,3,3.3333333333333335
ball,square,2,1.6666666666666667
iris,necklace,2,1.6666666666666667
interior,toy,1,0.0
furniture,patio,2,1.6666666666666667
nut,waterfall,1,0.0
decoration,wood,3,3.3333333333333335
pin,wing,1,0.0
bacon,view,1,0.0
blossom,cherry,6,8.333333333333334
relax,sunshine,3,3.3333333333333335
bakery,bread,6,8.333333333333334
architecture,building,6,8.333333333333334
guy,gymnastics,2,1.6666666666666667
bloom,pink,4,5.0
friend,smile,3,3.3333333333333335
flood,line,1,0.0
building,demolition,5,6.666666666666667
airplane,guitar,1,0.0
burn,ripple,1,0.0
fun,morning,2,1.6666666666666667
bar,pub,6,8.333333333333334
shadow,sunlight,5,6.666666666666667
baseball,club,5,6.666666666666667
dog,sailing,1,0.0
sunshine,wet,2,1.6666666666666667
drip,wash,4,5.0
pond,water,6,8.333333333333334
floor,roof,6,8.333333333333334
gun,stair,1,0.0
hair,wig,6,8.333333333333334
gate,pebble,2,1.6666666666666667
small,valley,1,0.0
guitar,track,3,3.3333333333333335
owl,rocket,1,0.0
patio,sit,3,3.3333333333333335
bike,rally,3,3.3333333333333335
day,night,6,8.333333333333334
frozen,soup,4,5.0
show,sketch,2,1.6666666666666667
boy,girl,6,8.333333333333334
autumn,winter,6,8.333333333333334
machine,pond,1,0.0
interior,patio,3,3.3333333333333335
black,paw,3,3.3333333333333335
hotel,house,5,6.666666666666667
bedroom,stair,4,5.0
city,old,4,5.0
dude,happy,3,3.3333333333333335
school,traffic,2,1.6666666666666667
color,yellow,6,8.333333333333334
object,piano,3,3.3333333333333335
hummingbird,tropical,3,3.3333333333333335
makeup,race,1,0.0
step,wind,1,0.0
breakfast,dinner,6,8.333333333333334
canyon,valley,6,8.333333333333334
bacon,sweet,3,3.3333333333333335
bench,mask,1,0.0
night,sunset,5,6.666666666666667
people,stair,1,0.0
daffodil,spring,4,5.0
plant,skate,1,0.0
canal,silhouette,1,0.0
canal,coffee,1,0.0
summer,sunny,5,6.666666666666667
rice,yellow,2,1.6666666666666667
can,sketch,1,0.0
race,racing,7,10.0
alley,street,6,8.333333333333334
goose,locomotive,1,0.0
sunny,wet,4,5.0
bird,mammal,5,6.666666666666667
dawn,sunrise,7,10.0
ink,organ,1,0.0
coast,valley,5,6.666666666666667
hang,morning,1,0.0
reptile,rodent,5,6.666666666666667
object,scooter,3,3.3333333333333335
bracelet,jewelry,6,8.333333333333334
feather,wing,5,6.666666666666667
coin,gold,5,6.666666666666667
escalator,subway,4,5.0
fire,sand,2,1.6666666666666667
potato,sweet,4,5.0
motor,vehicle,5,6.666666666666667
blossom,petal,5,6.666666666666667
apartment,kitchen,5,6.666666666666667
cafe,frog,1,0.0
feather,gull,5,6.666666666666667
movie,shopping,2,1.6666666666666667
painting,sculpture,6,8.333333333333334
canyon,pizza,1,0.0
lake,shore,5,6.666666666666667
marble,postcard,1,0.0
dead,face,1,0.0
strawberry,tomato,4,5.0
flight,museum,1,0.0
frozen,pebble,1,0.0
festival,musician,4,5.0
pool,rust,1,0.0
design,graphic,4,5.0
hummingbird,insect,4,5.0
crochet,knit,6,8.333333333333334
feel,haircut,1,0.0
hang,leave,1,0.0
kiss,stop,1,0.0
hat,outfit,5,6.666666666666667
flame,word,1,0.0
salad,sandwich,6,8.333333333333334
bead,chess,3,3.3333333333333335
bear,live,2,1.6666666666666667
escalator,stair,6,8.333333333333334
chocolate,squirrel,1,0.0
craft,game,2,1.6666666666666667
bright,colour,5,6.666666666666667
berry,twig,4,5.0
cloud,sunshine,5,6.666666666666667
girl,morning,1,0.0
orchid,patio,2,1.6666666666666667
punk,toe,1,0.0
paw,pet,4,5.0
sunny,sunset,4,5.0
chipmunk,illustration,1,0.0
cliff,fence,3,3.3333333333333335
lunch,walk,1,0.0
boat,fishing,5,6.666666666666667
flamingo,hummingbird,5,6.666666666666667
breakfast,sit,3,3.3333333333333335
jacket,shirt,6,8.333333333333334
apple,relax,1,0.0
grave,santa,1,0.0
goose,wolf,4,5.0
roof,tile,6,8.333333333333334
sunny,weather,5,6.666666666666667
ceiling,stair,4,5.0
body,miniature,3,3.3333333333333335
fish,fishing,6,8.333333333333334
interior,tall,3,3.3333333333333335
mural,painting,6,8.333333333333334
chess,cigarette,2,1.6666666666666667
animal,hand,4,5.0
ruin,village,4,5.0
cute,dirty,2,1.6666666666666667
guitar,play,6,8.333333333333334
aircraft,flight,6,8.333333333333334
club,cone,1,0.0
guy,stop,1,0.0
pink,skirt,4,5.0
bacon,eat,5,6.666666666666667
lunch,sunny,3,3.3333333333333335
ruin,town,4,5.0
ivy,wall,5,6.666666666666667
grave,gravestone,6,8.333333333333334
cold,summer,4,5.0
lunch,restaurant,6,8.333333333333334
automobile,parking,6,8.333333333333334
downtown,subway,5,6.666666666666667
cocktail,garage,1,0.0
book,ceramic,1,0.0
chipmunk,squirrel,6,8.333333333333334
skin,sunglasses,3,3.3333333333333335
parade,salad,1,0.0
neon,tank,1,0.0
map,travel,5,6.666666666666667
feel,tear,3,3.3333333333333335
dinner,sleep,2,1.6666666666666667
colorful,wood,3,3.3333333333333335
key,stone,1,0.0
mammal,rodent,5,6.666666666666667
mother,pregnant,6,8.333333333333334
mushroom,pepper,5,6.666666666666667
lab,rusty,1,0.0
light,sleep,3,3.3333333333333335
bed,patio,3,3.3333333333333335
green,pink,5,6.666666666666667
moon,sun,6,8.333333333333334
dirty,dude,2,1.6666666666666667
park,skate,3,3.3333333333333335
salad,sweet,3,3.3333333333333335
autumn,sunny,4,5.0
patio,room,4,5.0
band,play,5,6.666666666666667
cemetery,gravestone,6,8.333333333333334
bear,construction,1,0.0
cat,feline,6,8.333333333333334
lantern,light,5,6.666666666666667
hot,weather,5,6.666666666666667
racing,shirt,2,1.6666666666666667
cute,twig,2,1.6666666666666667
outdoor,swimming,3,3.3333333333333335
blonde,curl,4,5.0
dog,puppy,6,8.333333333333334
amphibian,berry,1,0.0
scenery,trail,3,3.3333333333333335
mushroom,tomato,5,6.666666666666667
step,swimsuit,1,0.0
butterfly,stadium,1,0.0
cafe,relax,4,5.0
portrait,underground,2,1.6666666666666667
frog,whale,3,3.3333333333333335
child,school,5,6.666666666666667
cattle,sheep,4,5.0
downtown,lock,1,0.0
fashion,handwriting,1,0.0
dark,rusty,3,3.3333333333333335
dirty,eagle,1,0.0
stop,time,3,3.3333333333333335
gravestone,memorial,6,8.333333333333334
petal,shade,3,3.3333333333333335
band,concert,5,6.666666666666667
family,square,1,0.0
art,beer,1,0.0
floor,patio,4,5.0
truck,vehicle,6,8.333333333333334
floor,staircase,4,5.0
game,play,6,8.333333333333334
bloom,friend,1,0.0
animal,zoo,6,8.333333333333334
burger,cooking,4,5.0
cigarette,smoke,6,8.333333333333334
bird,shade,2,1.6666666666666667
guy,sexy,3,3.3333333333333335
frost,lily,1,0.0
scenery,shore,5,6.666666666666667
panda,pig,5,6.666666666666667
hill,river,5,6.666666666666667
school,tear,2,1.6666666666666667
music,track,5,6.666666666666667
blue,fabric,5,6.666666666666667
concrete,construction,5,6.666666666666667
goat,sheep,6,8.333333333333334
gun,picture,1,0.0
berry,purple,2,1.6666666666666667
lily,petal,4,5.0
cute,dude,3,3.3333333333333335
chain,store,5,6.666666666666667
bear,daughter,1,0.0
feather,insect,2,1.6666666666666667
ice,skating,5,6.666666666666667
bed,pillow,5,6.666666666666667
feline,nut,1,0.0
pet,terrier,4,5.0
stone,wall,5,6.666666666666667
kitchen,staircase,3,3.3333333333333335
potato,skating,1,0.0
bay,cliff,4,5.0
dessert,sweet,6,8.333333333333334
feline,kitten,5,6.666666666666667
club,river,1,0.0
bread,ocean,1,0.0
cross,mug,1,0.0
jacket,skirt,6,8.333333333333334
mammal,pelican,4,5.0
blossom,fruit,4,5.0
lion,square,1,0.0
cow,pregnancy,2,1.6666666666666667
pumpkin,valley,1,0.0
bloom,bud,5,6.666666666666667
cow,milk,6,8.333333333333334
colour,red,6,8.333333333333334
furniture,pizza,1,0.0
escalator,railway,2,1.6666666666666667
red,shade,5,6.666666666666667
clothes,jean,6,8.333333333333334
patio,swan,1,0.0
ripple,wave,5,6.666666666666667
bay,sea,6,8.333333333333334
building,downtown,4,5.0
mist,sky,4,5.0
boxer,stair,1,0.0
egg,lego,1,0.0
bacon,chicken,5,6.666666666666667
footprint,holiday,1,0.0
cigarette,live,1,0.0
cactus,plant,5,6.666666666666667
ford,river,5,6.666666666666667
bible,leaf,1,0.0
lady,stop,1,0.0
wet,winter,3,3.3333333333333335
boat,harbour,5,6.666666666666667
hat,peel,1,0.0
eat,fruit,6,8.333333333333334
play,rail,1,0.0
bear,play,1,0.0
kitchen,wedding,2,1.6666666666666667
concrete,school,2,1.6666666666666667
restaurant,room,3,3.3333333333333335
dinner,relax,4,5.0
stripe,white,5,6.666666666666667
gate,hotel,3,3.3333333333333335
lamb,sheep,6,8.333333333333334
bright,violet,3,3.3333333333333335
motorcycle,scooter,6,8.333333333333334
auto,quote,2,1.6666666666666667
foliage,frost,2,1.6666666666666667
bread,salad,5,6.666666666666667
hang,stop,4,5.0
feline,whisker,5,6.666666666666667
mill,wild,1,0.0
bay,shore,5,6.666666666666667
flight,owl,4,5.0
ceramic,colour,4,5.0
feather,wild,3,3.3333333333333335
bird,wild,5,6.666666666666667
pebble,sand,6,8.333333333333334
sit,smile,1,0.0
candy,chocolate,5,6.666666666666667
dragon,furniture,1,0.0
chicken,salad,5,6.666666666666667
bar,ship,2,1.6666666666666667
breakfast,room,3,3.3333333333333335
curve,outdoor,2,1.6666666666666667
game,goat,4,5.0
display,scratch,1,0.0
leave,rusty,1,0.0
grey,purple,5,6.666666666666667
building,floor,5,6.666666666666667
canine,lick,5,6.666666666666667
heart,wing,3,3.3333333333333335
gold,idea,1,0.0
blonde,rock,1,0.0
line,street,3,3.3333333333333335
river,stream,6,8.333333333333334
evening,misty,4,5.0
evening,morning,6,8.333333333333334
airplane,plane,6,8.333333333333334
monkey,restaurant,1,0.0
coffee,tea,6,8.333333333333334
dirty,hand,3,3.3333333333333335
cute,guy,3,3.3333333333333335
air,fruit,1,0.0
haircut,sexy,3,3.3333333333333335
scenery,sunshine,3,3.3333333333333335
dawn,drug,1,0.0
daisy,foliage,4,5.0
pepper,potato,5,6.666666666666667
parade,table,1,0.0
shade,white,5,6.666666666666667
city,town,7,10.0
hamster,lock,1,0.0
feather,flamingo,5,6.666666666666667
chapel,whisker,1,0.0
dragon,metal,1,0.0
bright,red,4,5.0
child,kid,7,10.0
brown,insect,3,3.3333333333333335
rice,soup,5,6.666666666666667
ceiling,staircase,4,5.0
garden,smoke,1,0.0
apple,orange,5,6.666666666666667
musician,rock,5,6.666666666666667
blossom,daisy,5,6.666666666666667
blue,skirt,5,6.666666666666667
sky,sunrise,5,6.666666666666667
grass,stop,1,0.0
curl,leaf,1,0.0
clothes,transformer,1,0.0
kitchen,stair,4,5.0
male,old,3,3.3333333333333335
dress,skirt,5,6.666666666666667
bucket,curve,1,0.0
drop,hang,4,5.0
sign,stocking,1,0.0
crochet,stitch,6,8.333333333333334
bride,wedding,6,8.333333333333334
bread,potato,5,6.666666666666667
dome,interior,4,5.0
palm,tree,6,8.333333333333334
black,pigeon,4,5.0
ceiling,roof,6,8.333333333333334
harbour,shore,5,6.666666666666667
restaurant,scenery,2,1.6666666666666667
architecture,yellow,2,1.6666666666666667
friend,fun,3,3.3333333333333335
cop,ruin,1,0.0
dark,pink,4,5.0
sky,sunlight,5,6.666666666666667
autumn,frost,5,6.666666666666667
ink,pencil,6,8.333333333333334
frog,tropical,4,5.0
curve,dance,2,1.6666666666666667
gymnastics,sport,5,6.666666666666667
jacket,stream,1,0.0
lily,tulip,5,6.666666666666667
goat,pebble,1,0.0
blue,orange,5,6.666666666666667
snow,snowman,6,8.333333333333334
baby,mother,6,8.333333333333334
birthday,happy,3,3.3333333333333335
apartment,child,2,1.6666666666666667
bathroom,floor,4,5.0
demolition,skyscraper,4,5.0
shore,town,4,5.0
black,grey,6,8.333333333333334
female,live,3,3.3333333333333335
creature,grey,2,1.6666666666666667
dragonfly,wine,1,0.0
daffodil,foliage,3,3.3333333333333335
nude,painting,4,5.0
beard,flamingo,1,0.0
green,lantern,1,0.0
morning,sky,2,1.6666666666666667
cathedral,step,3,3.3333333333333335
hill,road,3,3.3333333333333335
pepper,tomato,5,6.666666666666667
misty,sky,5,6.666666666666667
insect,mammal,5,6.666666666666667
cemetery,memorial,5,6.666666666666667
pink,purple,6,8.333333333333334
blue,dark,5,6.666666666666667
travel,wood,3,3.3333333333333335
beard,sport,1,0.0
abandon,button,1,0.0
green,grey,5,6.666666666666667
bud,daffodil,6,8.333333333333334
abandon,railroad,2,1.6666666666666667
ceiling,door,4,5.0
frost,weather,5,6.666666666666667
family,old,4,5.0
amphibian,wild,4,5.0
feel,fun,3,3.3333333333333335
track,vinyl,5,6.666666666666667
door,porch,4,5.0
dinner,sit,3,3.3333333333333335
blossom,tree,4,5.0
holiday,travel,5,6.666666666666667
cop,music,1,0.0
branch,feline,1,0.0
ruin,shore,3,3.3333333333333335
jaguar,pier,1,0.0
forest,frog,3,3.3333333333333335
soup,sweet,3,3.3333333333333335
rodent,smile,1,0.0
blonde,wig,6,8.333333333333334
home,smoking,1,0.0
daughter,son,6,8.333333333333334
mammal,wild,4,5.0
grave,memorial,5,6.666666666666667
orange,peel,6,8.333333333333334
lily,pig,2,1.6666666666666667
night,sleep,5,6.666666666666667
dusk,morning,4,5.0
muscle,tulip,1,0.0
marble,stone,6,8.333333333333334
bedroom,cottage,5,6.666666666666667
desk,sit,4,5.0
metro,rail,5,6.666666666666667
couple,makeup,1,0.0
sunny,sunshine,6,8.333333333333334
brick,skyline,1,0.0
cloud,ripple,2,1.6666666666666667
dark,flamingo,1,0.0
bathroom,bed,3,3.3333333333333335
face,hang,1,0.0
office,sun,1,0.0
oak,rose,3,3.3333333333333335
party,sailing,1,0.0
bed,stair,3,3.3333333333333335
dirty,feel,1,0.0
plant,twig,5,6.666666666666667
figure,spiral,5,6.666666666666667
circle,sport,2,1.6666666666666667
arm,white,2,1.6666666666666667
crab,grave,1,0.0
gull,hummingbird,4,5.0
grey,red,5,6.666666666666667
bright,glitter,4,5.0
lip,tongue,5,6.666666666666667
glitter,misty,3,3.3333333333333335
creature,reading,1,0.0
surf,surfer,6,8.333333333333334
pug,terrier,6,8.333333333333334
morning,sleep,3,3.3333333333333335
kitten,kitty,7,10.0
sidewalk,street,6,8.333333333333334
patio,stair,4,5.0
downtown,skyline,5,6.666666666666667
pattern,time,3,3.3333333333333335
musician,punk,4,5.0
club,sign,1,0.0
guitar,sing,4,5.0
line,subway,5,6.666666666666667
shade,yellow,5,6.666666666666667
rain,sunny,4,5.0
lamb,lantern,1,0.0
beard,kitty,1,0.0
glitter,vintage,1,0.0
aquarium,fish,6,8.333333333333334
apartment,pool,4,5.0
cold,silver,1,0.0
miniature,paint,5,6.666666666666667
breakfast,floor,2,1.6666666666666667
airplane,fly,6,8.333333333333334
sunrise,sunset,6,8.333333333333334
blue,happy,2,1.6666666666666667
giraffe,lion,5,6.666666666666667
shore,water,5,6.666666666666667
abstract,rose,1,0.0
feather,grey,3,3.3333333333333335
cute,friend,2,1.6666666666666667
rope,shore,1,0.0
line,railway,5,6.666666666666667
friend,sexy,3,3.3333333333333335
lego,weather,1,0.0
green,phone,1,0.0
cop,dirty,1,0.0
jean,outfit,5,6.666666666666667
frost,plant,3,3.3333333333333335
feel,happy,4,5.0
harbour,ship,6,8.333333333333334
goose,mallard,6,8.333333333333334
book,write,6,8.333333333333334
carrot,pepper,5,6.666666666666667
palm,traffic,1,0.0
apple,dessert,1,0.0
coffee,mug,5,6.666666666666667
boy,school,5,6.666666666666667
landscape,umbrella,1,0.0
orange,yellow,6,8.333333333333334
marble,sunglasses,1,0.0
noodle,soup,5,6.666666666666667
handle,lighting,1,0.0
eat,strawberry,5,6.666666666666667
happy,post,1,0.0
concrete,floor,3,3.3333333333333335
petal,purple,4,5.0
fishing,sailing,5,6.666666666666667
fog,misty,6,8.333333333333334
downtown,shopping,4,5.0
orange,wet,1,0.0
bloom,twig,4,5.0
frost,grass,3,3.3333333333333335
dew,misty,5,6.666666666666667
berry,bright,1,0.0
harbor,port,6,8.333333333333334
flood,water,6,8.333333333333334
child,ford,1,0.0
pool,relax,4,5.0
burn,flame,6,8.333333333333334
bird,mallard,6,8.333333333333334
interior,tower,3,3.3333333333333335
dark,stripe,4,5.0
bike,hummingbird,1,0.0
badge,metro,2,1.6666666666666667
colour,dark,5,6.666666666666667
mountain,scenery,5,6.666666666666667
postcard,texture,1,0.0
cold,sunny,3,3.3333333333333335
skin,television,1,0.0
valley,waterfall,3,3.3333333333333335
restaurant,sushi,4,5.0
feline,pumpkin,1,0.0
collection,jellyfish,1,0.0
orange,white,5,6.666666666666667
dog,silver,1,0.0
bar,cafe,6,8.333333333333334
dandelion,seed,5,6.666666666666667
weather,wet,4,5.0
city,urban,6,8.333333333333334
dress,match,1,0.0
fungus,pattern,1,0.0
autumn,foliage,4,5.0
castle,ruin,5,6.666666666666667
arch,porch,3,3.3333333333333335
costume,dress,6,8.333333333333334
apple,blossom,4,5.0
band,uniform,1,0.0
man,stand,3,3.3333333333333335
butterfly,transformer,1,0.0
chocolate,jellyfish,1,0.0
gun,jaguar,1,0.0
interior,porch,2,1.6666666666666667
feel,hang,1,0.0
airplane,market,1,0.0
lizard,snake,5,6.666666666666667
camera,lens,6,8.333333333333334
crystal,spiral,2,1.6666666666666667
sun,sunlight,6,8.333333333333334
grave,graveyard,6,8.333333333333334
machine,sketch,1,0.0
jump,leg,5,6.666666666666667
graveyard,pug,1,0.0
bride,photographer,3,3.3333333333333335
iron,splash,1,0.0
happy,kid,3,3.3333333333333335
asphalt,crane,1,0.0
ship,sink,5,6.666666666666667
paper,railway,1,0.0
railway,subway,6,8.333333333333334
snow,winter,5,6.666666666666667
bottle,wine,6,8.333333333333334
pink,red,6,8.333333333333334
patio,staircase,4,5.0
book,smoking,1,0.0
movie,television,4,5.0
sun,sunny,6,8.333333333333334
clothes,hat,6,8.333333333333334
apartment,valley,3,3.3333333333333335
day,sunny,3,3.3333333333333335
square,town,2,1.6666666666666667
chicken,pepper,4,5.0
automobile,racing,5,6.666666666666667
monkey,pumpkin,1,0.0
graveyard,porch,2,1.6666666666666667
roof,staircase,3,3.3333333333333335
cold,hot,5,6.666666666666667
oak,wood,6,8.333333333333334
dessert,sandwich,5,6.666666666666667
concert,jazz,5,6.666666666666667
donut,panda,1,0.0
cooking,soup,5,6.666666666666667
glitter,star,5,6.666666666666667
boxer,pyramid,1,0.0
baseball,hockey,5,6.666666666666667
dragon,drop,1,0.0
architecture,shade,2,1.6666666666666667
ripple,shadow,2,1.6666666666666667
hummingbird,stork,5,6.666666666666667
foliage,garden,5,6.666666666666667
shade,sun,5,6.666666666666667
man,woman,6,8.333333333333334
happy,toe,1,0.0
orange,shade,4,5.0
line,metro,5,6.666666666666667
country,elephant,2,1.6666666666666667
orange,pink,5,6.666666666666667
foot,leg,6,8.333333333333334
drip,hot,3,3.3333333333333335
fishing,sea,5,6.666666666666667
shoe,toe,5,6.666666666666667
flower,weather,2,1.6666666666666667
happy,lick,3,3.3333333333333335
bird,stork,6,8.333333333333334
bear,mother,2,1.6666666666666667
tall,wool,1,0.0
flight,plane,6,8.333333333333334
green,yellow,6,8.333333333333334
seed,stair,1,0.0
patio,spring,1,0.0
cafe,child,1,0.0
glitter,sunlight,2,1.6666666666666667
camera,theatre,2,1.6666666666666667
bird,swan,6,8.333333333333334
station,subway,5,6.666666666666667
violet,yellow,5,6.666666666666667
cafe,coffee,5,6.666666666666667
pelican,toe,1,0.0
flower,garden,6,8.333333333333334
home,wet,1,0.0
design,muscle,1,0.0
family,friend,3,3.3333333333333335
dead,pigeon,2,1.6666666666666667
sticker,track,1,0.0
bakery,vehicle,1,0.0
paw,theatre,1,0.0
petal,twig,3,3.3333333333333335
burger,mountain,1,0.0
dirty,hang,1,0.0
bloom,glitter,1,0.0
dusk,gull,1,0.0
mom,sit,1,0.0
sketch,texture,2,1.6666666666666667
cold,water,4,5.0
city,skyline,4,5.0
purple,yellow,5,6.666666666666667
sun,sunrise,5,6.666666666666667
day,dusk,5,6.666666666666667
bracelet,mountain,1,0.0
hot,water,4,5.0
skyscraper,tall,6,8.333333333333334
couple,square,1,0.0
steel,town,2,1.6666666666666667
music,musician,6,8.333333333333334
shade,whale,1,0.0
restaurant,shop,5,6.666666666666667
hawk,mammal,4,5.0
cross,pub,1,0.0
crane,stair,1,0.0
night,sunshine,3,3.3333333333333335
baseball,show,2,1.6666666666666667
animal,candy,1,0.0
club,hockey,4,5.0
can,mill,1,0.0
baseball,cactus,1,0.0
building,tall,4,5.0
track,yellow,2,1.6666666666666667
pregnant,woman,4,5.0
cafe,draw,1,0.0
dessert,pepper,3,3.3333333333333335
idea,people,2,1.6666666666666667
foliage,pink,2,1.6666666666666667
dark,silhouette,4,5.0
band,track,4,5.0
bird,pregnancy,2,1.6666666666666667
stair,wall,4,5.0
colour,yellow,6,8.333333333333334
pink,violet,4,5.0
fruit,potato,4,5.0
porch,window,3,3.3333333333333335
bathroom,garden,3,3.3333333333333335
grey,shade,5,6.666666666666667
bed,sleep,6,8.333333333333334
berry,ivy,4,5.0
fishing,shore,4,5.0
happy,time,3,3.3333333333333335
summer,winter,6,8.333333333333334
collar,garbage,1,0.0
colour,pink,6,8.333333333333334
valley,village,5,6.666666666666667
bar,stair,3,3.3333333333333335
fog,mist,7,10.0
weather,winter,4,5.0
harbour,scenery,4,5.0
black,purple,5,6.666666666666667
glass,road,1,0.0
insect,lizard,4,5.0
goose,outfit,1,0.0
abstract,moon,1,0.0
dog,pug,6,8.333333333333334
colorful,frame,4,5.0
daughter,pub,1,0.0
bedroom,feline,1,0.0
dessert,lunch,4,5.0
bird,crow,6,8.333333333333334
floor,transformer,2,1.6666666666666667
interior,mushroom,1,0.0
building,interior,4,5.0
clothes,skirt,5,6.666666666666667
daisy,purple,3,3.3333333333333335
eagle,hawk,6,8.333333333333334
cross,outfit,1,0.0
storm,sweet,1,0.0
interior,staircase,3,3.3333333333333335
pigeon,round,1,0.0
stripe,yellow,4,5.0
wash,web,1,0.0
lizard,reptile,6,8.333333333333334
sunshine,weather,4,5.0
pub,restaurant,6,8.333333333333334
misty,snow,4,5.0
black,paint,5,6.666666666666667
band,rock,5,6.666666666666667
mist,rain,5,6.666666666666667
photographer,photography,6,8.333333333333334
colorful,duck,3,3.3333333333333335
monument,ruin,5,6.666666666666667
makeup,square,1,0.0
cross,tower,3,3.3333333333333335
reptile,snake,6,8.333333333333334
raspberry,write,1,0.0
goat,vinyl,1,0.0
burn,reading,1,0.0
handwriting,pig,1,0.0
man,muscle,3,3.3333333333333335
flamingo,insect,3,3.3333333333333335
blonde,cute,3,3.3333333333333335
light,shed,3,3.3333333333333335
giraffe,mist,1,0.0
bloom,violet,5,6.666666666666667
eye,tear,6,8.333333333333334
eat,hair,2,1.6666666666666667
blue,yellow,5,6.666666666666667
interior,room,5,6.666666666666667
beard,face,5,6.666666666666667
amphibian,bird,4,5.0
belly,stripe,1,0.0
art,sailing,1,0.0
aerial,clown,1,0.0
lunch,tea,3,3.3333333333333335
dirty,happy,1,0.0
bay,porch,3,3.3333333333333335
cathedral,interior,3,3.3333333333333335
pet,puppy,5,6.666666666666667
garden,patio,5,6.666666666666667
cottage,scenery,3,3.3333333333333335
stair,staircase,6,8.333333333333334
guy,sleep,3,3.3333333333333335
port,sweet,1,0.0
eat,rabbit,3,3.3333333333333335
bar,cocktail,5,6.666666666666667
bar,sushi,4,5.0
crow,feather,5,6.666666666666667
ceramic,live,1,0.0
architecture,construction,5,6.666666666666667
hand,palm,6,8.333333333333334
morning,time,5,6.666666666666667
dandelion,plant,5,6.666666666666667
necklace,snow,1,0.0
breakfast,diner,5,6.666666666666667
brick,ceiling,4,5.0
carrot,design,1,0.0
mural,work,3,3.3333333333333335
amphibian,brown,3,3.3333333333333335
eye,lip,4,5.0
petal,plant,4,5.0
amphibian,hummingbird,3,3.3333333333333335
oak,tree,6,8.333333333333334
cute,mammal,4,5.0
bear,boxer,1,0.0
butterfly,glitter,1,0.0
lamp,light,6,8.333333333333334
desk,white,4,5.0
black,stripe,4,5.0
dinner,eat,6,8.333333333333334
dog,terrier,6,8.333333333333334
chapel,graveyard,5,6.666666666666667
bud,pink,5,6.666666666666667
bath,sleep,3,3.3333333333333335
bud,ivy,4,5.0
lake,town,3,3.3333333333333335
band,musician,6,8.333333333333334
blue,sock,4,5.0
bacon,sandwich,4,5.0
dandelion,foliage,4,5.0
guy,wire,1,0.0
canine,puppy,5,6.666666666666667
colorful,lab,1,0.0
bag,pillow,2,1.6666666666666667
bloom,purple,3,3.3333333333333335
beer,wild,2,1.6666666666666667
cheetah,lion,5,6.666666666666667
room,sit,3,3.3333333333333335
mammal,write,1,0.0
face,stand,1,0.0
hold,nest,2,1.6666666666666667
restaurant,violet,1,0.0
bright,sun,5,6.666666666666667
mist,sunny,4,5.0
lighting,panda,1,0.0
downtown,field,1,0.0
bakery,cafe,6,8.333333333333334
cloud,rain,6,8.333333333333334
bathroom,sit,2,1.6666666666666667
hotel,library,2,1.6666666666666667
happy,love,3,3.3333333333333335
grave,shore,2,1.6666666666666667
collage,illustration,5,6.666666666666667
bedroom,staircase,4,5.0
diner,patio,2,1.6666666666666667
frost,sunny,3,3.3333333333333335
aircraft,door,3,3.3333333333333335
castle,patio,2,1.6666666666666667
bar,relax,4,5.0
sit,tear,1,0.0
lick,stop,1,0.0
bloom,blossom,6,8.333333333333334
line,lunch,1,0.0
colorful,toy,3,3.3333333333333335
salad,strawberry,3,3.3333333333333335
foot,train,2,1.6666666666666667
theatre,tv,3,3.3333333333333335
desk,match,1,0.0
foot,piano,1,0.0
cactus,leg,1,0.0
city,firework,1,0.0
keyboard,soldier,1,0.0
club,match,5,6.666666666666667
happy,tear,2,1.6666666666666667
bakery,shop,5,6.666666666666667
goose,stencil,1,0.0
duck,outfit,1,0.0
colour,grey,6,8.333333333333334
room,stair,5,6.666666666666667
daisy,pink,4,5.0
bird,parrot,6,8.333333333333334
burger,soup,4,5.0
fun,kid,4,5.0
floor,stair,4,5.0
clothes,cute,3,3.3333333333333335
family,hawk,1,0.0
monster,shell,1,0.0
guy,tear,2,1.6666666666666667
lunch,relax,3,3.3333333333333335
dark,red,5,6.666666666666667
sailing,sink,3,3.3333333333333335
bud,fruit,3,3.3333333333333335
city,ruin,4,5.0
bacon,cooking,4,5.0
potato,salad,5,6.666666666666667
metro,railway,5,6.666666666666667
drug,wolf,1,0.0
waterfall,wood,3,3.3333333333333335
glass,mill,2,1.6666666666666667
chapel,porch,3,3.3333333333333335
porch,stair,3,3.3333333333333335
mammal,monkey,6,8.333333333333334
hot,spring,5,6.666666666666667
dude,feel,2,1.6666666666666667
flower,fruit,5,6.666666666666667
noodle,pigeon,1,0.0
industrial,lake,1,0.0
grey,pink,5,6.666666666666667
baseball,cheetah,1,0.0
porch,room,2,1.6666666666666667
friend,leave,3,3.3333333333333335
evening,walk,3,3.3333333333333335
building,construction,7,10.0
game,scooter,2,1.6666666666666667
pug,puppy,5,6.666666666666667
drip,puddle,4,5.0
abandon,soldier,2,1.6666666666666667
skating,sticker,1,0.0
candle,line,1,0.0
deer,insect,3,3.3333333333333335
footprint,tile,1,0.0
outdoor,pool,4,5.0
maple,oak,5,6.666666666666667
mural,taxi,1,0.0
aerial,violet,1,0.0
flower,wild,2,1.6666666666666667
art,graphic,5,6.666666666666667
mug,vehicle,1,0.0
autumn,hat,2,1.6666666666666667
ancient,city,4,5.0
bead,redhead,1,0.0
bright,sky,4,5.0
bikini,ivy,1,0.0
berry,raspberry,6,8.333333333333334
dress,shirt,5,6.666666666666667
cherry,dessert,4,5.0
day,plane,1,0.0
frog,poppy,1,0.0
happy,mom,3,3.3333333333333335
blur,eye,3,3.3333333333333335
book,gold,1,0.0
cooking,restaurant,5,6.666666666666667
cute,idea,1,0.0
beach,scenery,4,5.0
canyon,piano,1,0.0
alley,bloom,2,1.6666666666666667
sand,shore,5,6.666666666666667
colour,orange,6,8.333333333333334
spring,winter,6,8.333333333333334
plane,sailing,3,3.3333333333333335
feather,nest,4,5.0
country,hang,1,0.0
iron,steel,6,8.333333333333334
sock,stocking,6,8.333333333333334
frost,snow,6,8.333333333333334
horizon,sky,5,6.666666666666667
bucket,girl,1,0.0
gull,mammal,3,3.3333333333333335
river,valley,4,5.0
jellyfish,punk,1,0.0
garbage,lunch,2,1.6666666666666667
lock,mannequin,1,0.0
river,waterfall,5,6.666666666666667
curl,haircut,5,6.666666666666667
belly,field,1,0.0
bright,foliage,2,1.6666666666666667
frost,rain,4,5.0
blossom,purple,4,5.0
dirty,guy,2,1.6666666666666667
cute,happy,3,3.3333333333333335
relax,scenery,3,3.3333333333333335
fence,friend,1,0.0
shirt,skirt,6,8.333333333333334
light,shade,6,8.333333333333334
car,parking,5,6.666666666666667
beef,chicken,6,8.333333333333334
graphic,roof,1,0.0
cooking,frozen,3,3.3333333333333335
kiss,tear,3,3.3333333333333335
bathroom,dude,1,0.0
dessert,meat,3,3.3333333333333335
footprint,scooter,1,0.0
dusk,sunrise,6,8.333333333333334
bicycle,green,2,1.6666666666666667
bloom,dandelion,5,6.666666666666667
lick,rusty,1,0.0
animal,clown,1,0.0
clock,pink,1,0.0
coast,sea,5,6.666666666666667
smoke,sun,2,1.6666666666666667
bud,foliage,4,5.0
dead,guy,3,3.3333333333333335
chocolate,strawberry,5,6.666666666666667
deer,elephant,5,6.666666666666667
friend,lady,2,1.6666666666666667
friend,love,3,3.3333333333333335
play,stadium,5,6.666666666666667
cow,table,1,0.0
dog,husky,6,8.333333333333334
blossom,flower,6,8.333333333333334
bottle,library,1,0.0
stand,tear,1,0.0
interior,outdoor,4,5.0
bird,pelican,6,8.333333333333334
daisy,violet,6,8.333333333333334
dog,lick,5,6.666666666666667
chocolate,wig,1,0.0
grass,weed,6,8.333333333333334
friend,stop,2,1.6666666666666667
guy,happy,2,1.6666666666666667
black,brown,6,8.333333333333334
ceramic,church,2,1.6666666666666667
berry,fruit,6,8.333333333333334
family,male,3,3.3333333333333335
chocolate,rock,1,0.0
coffee,dinner,4,5.0
airplane,wing,6,8.333333333333334
camera,photography,6,8.333333333333334
stripe,weather,1,0.0
kitty,lick,4,5.0
crochet,family,1,0.0
color,purple,6,8.333333333333334
guy,rusty,1,0.0
carnival,wool,1,0.0
haircut,hang,1,0.0
smile,walk,1,0.0
fire,flame,7,10.0
band,outfit,3,3.3333333333333335
bar,restaurant,6,8.333333333333334
rail,subway,5,6.666666666666667
small,village,3,3.3333333333333335
daughter,graphic,1,0.0
evening,time,5,6.666666666666667
guy,kiss,2,1.6666666666666667
advertisement,pond,1,0.0
frozen,raspberry,3,3.3333333333333335
blonde,hair,6,8.333333333333334
morning,sit,1,0.0
flight,jaguar,1,0.0
dandelion,stand,1,0.0
shop,show,1,0.0
tea,village,1,0.0
break,glitter,1,0.0
cliff,sea,5,6.666666666666667
boy,hand,2,1.6666666666666667
bathroom,kitchen,5,6.666666666666667
pool,swimming,6,8.333333333333334
sit,time,1,0.0
car,hawk,1,0.0
reptile,vacation,1,0.0
friend,sit,1,0.0
bakery,zebra,1,0.0
hill,rust,1,0.0
porch,stone,3,3.3333333333333335
misty,sunny,4,5.0
flower,yellow,4,5.0
jean,map,1,0.0
band,guitar,4,5.0
grape,wine,6,8.333333333333334
old,town,3,3.3333333333333335
reptile,stork,3,3.3333333333333335
seagull,urban,2,1.6666666666666667
flame,sidewalk,1,0.0
metro,subway,7,10.0
night,sit,2,1.6666666666666667
chair,ipod,1,0.0
petal,pug,1,0.0
dragonfly,insect,6,8.333333333333334
misty,morning,4,5.0
black,skirt,4,5.0
brown,pelican,4,5.0
shop,store,7,10.0
sun,sunshine,6,8.333333333333334
desert,smoke,2,1.6666666666666667
gun,quote,1,0.0
chicken,mammal,3,3.3333333333333335
female,machine,1,0.0
garage,garden,5,6.666666666666667
dandelion,grass,4,5.0
airplane,airport,5,6.666666666666667
lego,rodent,1,0.0
graphic,illustration,5,6.666666666666667
orange,shop,1,0.0
live,makeup,1,0.0
drop,rusty,2,1.6666666666666667
ceiling,kitchen,4,5.0
brown,hawk,5,6.666666666666667
cafe,pub,6,8.333333333333334
dark,grey,6,8.333333333333334
dessert,diner,4,5.0
hotel,sand,1,0.0
curl,lick,2,1.6666666666666667
makeup,town,1,0.0
floor,marble,4,5.0
car,skull,1,0.0
festival,gate,1,0.0
sink,time,1,0.0
hair,shore,1,0.0
feel,guy,2,1.6666666666666667
orange,violet,2,1.6666666666666667
food,gull,2,1.6666666666666667
city,family,2,1.6666666666666667
bathroom,porch,3,3.3333333333333335
kitchen,sit,2,1.6666666666666667
feather,truck,1,0.0
photography,portrait,5,6.666666666666667
play,sign,2,1.6666666666666667
sea,sink,4,5.0
bicycle,bike,7,10.0
van,vine,1,0.0
dinner,night,5,6.666666666666667
frog,subway,1,0.0
door,kitchen,4,5.0
family,town,2,1.6666666666666667
match,stadium,6,8.333333333333334
red,violet,3,3.3333333333333335
fall,stand,5,6.666666666666667
doodle,scratch,7,10.0
skate,vehicle,4,5.0
dew,frost,6,8.333333333333334
mill,windmill,7,10.0
architecture,skyline,5,6.666666666666667
amphibian,insect,5,6.666666666666667
jump,salad,1,0.0
bird,flamingo,6,8.333333333333334
noodle,rice,6,8.333333333333334
bacon,soup,4,5.0
gasoline,town,1,0.0
sport,swimming,6,8.333333333333334
colorful,outfit,6,8.333333333333334
beach,sea,6,8.333333333333334
chapel,gravestone,5,6.666666666666667
bud,twig,5,6.666666666666667
dude,stop,1,0.0
cake,chocolate,5,6.666666666666667
coast,sailing,4,5.0
butterfly,dragonfly,6,8.333333333333334
cold,puddle,3,3.3333333333333335
dragonfly,frog,3,3.3333333333333335
nature,snowman,1,0.0
beauty,peacock,2,1.6666666666666667
sit,staircase,2,1.6666666666666667
bright,purple,3,3.3333333333333335
bathroom,staircase,3,3.3333333333333335
bread,dessert,5,6.666666666666667
smile,time,1,0.0
lion,pelican,4,5.0
happy,stand,1,0.0
brick,house,5,6.666666666666667
camel,highway,1,0.0
downtown,shore,2,1.6666666666666667
friend,night,2,1.6666666666666667
pink,yellow,5,6.666666666666667
church,interior,3,3.3333333333333335
flamingo,mammal,3,3.3333333333333335
interior,skyline,2,1.6666666666666667
dirty,tear,1,0.0
clothes,outfit,6,8.333333333333334
drip,water,6,8.333333333333334
parrot,pelican,6,8.333333333333334
canine,poodle,5,6.666666666666667
shirt,show,1,0.0
pregnancy,pregnant,7,10.0
canine,paw,5,6.666666666666667
harbor,sink,3,3.3333333333333335
blue,red,5,6.666666666666667
dawn,dusk,6,8.333333333333334
dragonfly,hummingbird,5,6.666666666666667
stocking,tomato,1,0.0
marble,wall,4,5.0
painting,work,4,5.0
food,wild,1,0.0
auto,bright,1,0.0
hockey,sign,1,0.0
bathroom,patio,4,5.0
brown,wet,2,1.6666666666666667
collage,paint,3,3.3333333333333335
foliage,tall,2,1.6666666666666667
kiss,sit,1,0.0
redhead,reflection,1,0.0
mom,snowman,2,1.6666666666666667
house,windmill,4,5.0
hair,haircut,6,8.333333333333334
boxer,diner,1,0.0
leather,weed,1,0.0
idea,rusty,1,0.0
summer,sunshine,5,6.666666666666667
kiss,lip,6,8.333333333333334
floor,skyscraper,4,5.0
cattle,farm,5,6.666666666666667
automobile,truck,6,8.333333333333334
interior,paint,4,5.0
breakfast,staircase,1,0.0
guitar,piano,6,8.333333333333334
brown,grey,6,8.333333333333334
flower,foliage,5,6.666666666666667
city,metro,5,6.666666666666667
cooking,meat,5,6.666666666666667
aircraft,wing,6,8.333333333333334
twig,underground,1,0.0
cigarette,smoking,6,8.333333333333334
fun,tear,3,3.3333333333333335
bedroom,diner,1,0.0
purple,violet,5,6.666666666666667
cemetery,male,1,0.0
roof,wall,6,8.333333333333334
patio,woman,1,0.0
brick,skyscraper,3,3.3333333333333335
paint,sculpture,4,5.0
couple,post,1,0.0
puppy,skyline,1,0.0
breakfast,people,2,1.6666666666666667
cat,whisker,5,6.666666666666667
cheetah,flame,1,0.0
floor,sit,4,5.0
coast,zebra,1,0.0
desert,mountain,5,6.666666666666667
hand,stand,1,0.0
autumn,daffodil,1,0.0
insect,twig,3,3.3333333333333335
palm,twig,4,5.0
cheetah,phone,1,0.0
couple,outdoor,1,0.0
air,carnival,1,0.0
bucket,water,5,6.666666666666667
foliage,tree,6,8.333333333333334
mallard,poster,1,0.0
arm,caterpillar,1,0.0
paint,painting,7,10.0
cute,feel,2,1.6666666666666667
memorial,people,2,1.6666666666666667
morning,weather,2,1.6666666666666667
crab,ink,1,0.0
graffito,interior,2,1.6666666666666667
dirty,friend,1,0.0
dress,wedding,5,6.666666666666667
craft,soup,1,0.0
station,train,6,8.333333333333334
cold,sun,4,5.0
nest,wasp,5,6.666666666666667
ivy,tree,4,5.0
daisy,plant,5,6.666666666666667
bus,taxi,6,8.333333333333334
museum,swim,1,0.0
coin,silver,5,6.666666666666667
air,dew,3,3.3333333333333335
chocolate,dessert,5,6.666666666666667
dragonfly,reptile,4,5.0
goose,swan,6,8.333333333333334
theatre,wolf,1,0.0
lake,whale,2,1.6666666666666667
ceramic,floor,4,5.0
concrete,swan,1,0.0
cute,lady,3,3.3333333333333335
chair,word,1,0.0
misty,sunset,4,5.0
craft,note,2,1.6666666666666667
eat,web,1,0.0
palace,ruin,5,6.666666666666667
shade,twig,3,3.3333333333333335
concrete,pin,1,0.0
desert,roof,2,1.6666666666666667
happy,home,2,1.6666666666666667
heart,love,5,6.666666666666667
car,tongue,1,0.0
puppy,terrier,5,6.666666666666667
apple,cute,1,0.0
feather,goose,5,6.666666666666667
bath,hot,5,6.666666666666667
fungus,mushroom,6,8.333333333333334
bottle,construction,1,0.0
burger,food,5,6.666666666666667
bird,eagle,6,8.333333333333334
handwriting,write,5,6.666666666666667
paw,protest,1,0.0
ball,drop,3,3.3333333333333335
demolition,interior,2,1.6666666666666667
bay,harbour,5,6.666666666666667
building,staircase,6,8.333333333333334
bear,son,2,1.6666666666666667
airport,foot,2,1.6666666666666667
sweet,wine,3,3.3333333333333335
color,violet,4,5.0
moon,mushroom,1,0.0
breakfast,relax,3,3.3333333333333335
brick,dress,1,0.0
number,web,1,0.0
downtown,street,4,5.0
animal,cattle,4,5.0
game,sign,1,0.0
door,stair,5,6.666666666666667
daisy,petal,6,8.333333333333334
couple,female,4,5.0
concert,music,6,8.333333333333334
bloom,petal,5,6.666666666666667
lighting,sleep,1,0.0
cat,garden,2,1.6666666666666667
cooking,dessert,5,6.666666666666667
dirty,fun,1,0.0
book,copper,1,0.0
colour,purple,6,8.333333333333334
boardwalk,drop,1,0.0
automobile,fabric,2,1.6666666666666667
marble,sing,1,0.0
cute,mom,2,1.6666666666666667
moon,sky,5,6.666666666666667
landscape,stadium,2,1.6666666666666667
hair,stencil,2,1.6666666666666667
dessert,frozen,4,5.0
hummingbird,mammal,4,5.0
automobile,car,7,10.0
snow,sunny,4,5.0
belly,dirty,2,1.6666666666666667
coast,harbor,5,6.666666666666667
jazz,musician,5,6.666666666666667
guy,walk,3,3.3333333333333335
duck,mallard,6,8.333333333333334
beach,harbour,5,6.666666666666667
boxer,swimming,2,1.6666666666666667
flight,rain,1,0.0
fall,stop,3,3.3333333333333335
frozen,shop,1,0.0
game,match,6,8.333333333333334
cafe,spiral,1,0.0
bracelet,necklace,6,8.333333333333334
blue,colour,6,8.333333333333334
fun,haircut,2,1.6666666666666667
downtown,hockey,1,0.0
daffodil,rose,6,8.333333333333334
building,skyscraper,6,8.333333333333334
house,staircase,5,6.666666666666667
gull,reptile,3,3.3333333333333335
floor,room,5,6.666666666666667
drug,musician,3,3.3333333333333335
breakfast,lunch,6,8.333333333333334
banana,foot,1,0.0
decoration,interior,5,6.666666666666667
button,sticker,5,6.666666666666667
jazz,music,6,8.333333333333334
amphibian,stork,3,3.3333333333333335
color,red,6,8.333333333333334
dusk,hummingbird,1,0.0
shirt,sock,5,6.666666666666667
exhibition,sculpture,5,6.666666666666667
cafe,lunch,5,6.666666666666667
sing,write,3,3.3333333333333335
grey,orange,5,6.666666666666667
cactus,gasoline,1,0.0
guy,smile,3,3.3333333333333335
leave,sit,3,3.3333333333333335
bread,sandwich,6,8.333333333333334
carrot,fruit,4,5.0
grey,white,6,8.333333333333334
eat,underwater,1,0.0
dew,engine,1,0.0
black,bright,3,3.3333333333333335
hair,lizard,1,0.0
foot,tall,2,1.6666666666666667
dude,friend,4,5.0
boardwalk,evening,1,0.0
black,blue,6,8.333333333333334
guitar,rock,5,6.666666666666667
hill,horizon,4,5.0
chicken,meat,5,6.666666666666667
gull,pelican,6,8.333333333333334
dark,purple,5,6.666666666666667
light,lighting,5,6.666666666666667
band,stocking,1,0.0
clothes,sexy,3,3.3333333333333335
boot,cliff,1,0.0
outfit,rock,3,3.3333333333333335
haircut,pyramid,1,0.0
ivy,urban,1,0.0
leaf,moon,1,0.0
petal,tulip,5,6.666666666666667
bedroom,door,4,5.0
post,tulip,1,0.0
sand,sea,4,5.0
cafe,lizard,1,0.0
button,flower,2,1.6666666666666667
demolition,tall,2,1.6666666666666667
pepper,salad,5,6.666666666666667
red,stripe,5,6.666666666666667
rock,track,4,5.0
blue,bright,3,3.3333333333333335
cafe,restaurant,6,8.333333333333334
sailing,ship,6,8.333333333333334
blonde,eye,2,1.6666666666666667
cafe,reflection,1,0.0
pin,truck,1,0.0
beach,holiday,3,3.3333333333333335
parrot,wing,1,0.0
concert,rock,5,6.666666666666667
ruin,valley,3,3.3333333333333335
hawk,hummingbird,4,5.0
fungus,plant,5,6.666666666666667
canyon,river,3,3.3333333333333335
kitchen,patio,3,3.3333333333333335
architecture,table,3,3.3333333333333335
post,white,1,0.0
model,toe,1,0.0
ruin,stone,5,6.666666666666667
dragonfly,pond,3,3.3333333333333335
mist,temple,2,1.6666666666666667
live,stitch,1,0.0
boardwalk,trail,5,6.666666666666667
bird,owl,6,8.333333333333334
couple,old,3,3.3333333333333335
bedroom,floor,4,5.0
elephant,giraffe,5,6.666666666666667
door,room,5,6.666666666666667
love,smile,4,5.0
gravestone,pattern,2,1.6666666666666667
wash,water,6,8.333333333333334
dirty,haircut,3,3.3333333333333335
fruit,peel,5,6.666666666666667
grass,ski,2,1.6666666666666667
arch,wall,3,3.3333333333333335
downtown,highway,3,3.3333333333333335
bed,relax,5,6.666666666666667
ink,tropical,1,0.0
cone,hill,2,1.6666666666666667
lick,marble,1,0.0
dog,pet,6,8.333333333333334
splash,swim,4,5.0
cold,drip,2,1.6666666666666667
beef,cattle,5,6.666666666666667
port,squirrel,1,0.0
diner,kitchen,5,6.666666666666667
mammal,reptile,5,6.666666666666667
port,ship,5,6.666666666666667
chapel,ruin,4,5.0
dessert,salad,4,5.0
porch,wall,2,1.6666666666666667
angel,asphalt,1,0.0
abstract,frog,1,0.0
belly,black,1,0.0
cold,wet,4,5.0
berry,blossom,3,3.3333333333333335
amphibian,pelican,3,3.3333333333333335
abandon,ruin,5,6.666666666666667
bloom,daffodil,5,6.666666666666667
foliage,twig,5,6.666666666666667
hummingbird,rodent,3,3.3333333333333335
cross,shopping,1,0.0
jellyfish,texture,2,1.6666666666666667
cop,gravestone,1,0.0
camera,painting,2,1.6666666666666667
cherry,sweet,5,6.666666666666667
fountain,hill,2,1.6666666666666667
cow,station,1,0.0
cute,kid,3,3.3333333333333335
chicken,star,1,0.0
bath,floor,2,1.6666666666666667
frost,shade,3,3.3333333333333335
feather,stork,5,6.666666666666667
dessert,tomato,4,5.0
blur,lens,4,5.0
sunny,zoo,1,0.0
purple,red,6,8.333333333333334
chain,engine,2,1.6666666666666667
spring,sunshine,3,3.3333333333333335
aquarium,tank,6,8.333333333333334
guitar,music,6,8.333333333333334
makeup,skull,1,0.0
blue,hand,1,0.0
eat,sweet,4,5.0
red,tea,1,0.0
cherry,meat,4,5.0
bead,library,1,0.0
building,sidewalk,3,3.3333333333333335
garbage,underground,1,0.0
play,spiral,1,0.0
hang,smile,1,0.0
summer,weather,4,5.0
female,old,3,3.3333333333333335
monster,rock,1,0.0
shed,traffic,1,0.0
potato,tomato,6,8.333333333333334
crow,gull,6,8.333333333333334
female,square,1,0.0
sky,sunny,5,6.666666666666667
dark,pod,1,0.0
eat,shade,1,0.0
bikini,lake,2,1.6666666666666667
insect,stork,3,3.3333333333333335
burger,salad,5,6.666666666666667
construction,interior,5,6.666666666666667
feel,spiral,1,0.0
puddle,street,2,1.6666666666666667
giraffe,zoo,5,6.666666666666667
post,view,2,1.6666666666666667
sea,water,6,8.333333333333334
live,male,2,1.6666666666666667
bottle,glass,6,8.333333333333334
boxer,reflection,1,0.0
poodle,terrier,5,6.666666666666667
bag,flag,1,0.0
bed,breakfast,2,1.6666666666666667
jump,stitch,1,0.0
nest,twig,2,1.6666666666666667
drug,sing,1,0.0
kitchen,outfit,1,0.0
green,shade,4,5.0
ceiling,patio,3,3.3333333333333335
gull,mallard,6,8.333333333333334
rail,railway,6,8.333333333333334
door,wall,5,6.666666666666667
bloom,plant,5,6.666666666666667
festival,whisker,1,0.0
interior,stair,4,5.0
fog,sunny,4,5.0
glitter,gold,5,6.666666666666667
pizza,railway,1,0.0
stream,waterfall,5,6.666666666666667
chair,holiday,1,0.0
hill,path,3,3.3333333333333335
cloud,sky,5,6.666666666666667
bucket,duck,1,0.0
horse,interior,1,0.0
hot,sunny,5,6.666666666666667
coast,sink,2,1.6666666666666667
bear,hockey,1,0.0
feather,owl,5,6.666666666666667
bird,reptile,5,6.666666666666667
alley,punk,1,0.0
post,quote,3,3.3333333333333335
door,lock,6,8.333333333333334
desert,road,2,1.6666666666666667
cooking,noodle,5,6.666666666666667
butterfly,hummingbird,4,5.0
highway,squirrel,1,0.0
brick,roof,6,8.333333333333334
pub,snowman,1,0.0
light,neon,6,8.333333333333334
blonde,girl,5,6.666666666666667
shopping,store,6,8.333333333333334
construction,demolition,6,8.333333333333334
beach,cliff,5,6.666666666666667
note,rally,1,0.0
fruit,meat,5,6.666666666666667
dark,white,4,5.0
redhead,rusty,1,0.0
swim,vehicle,2,1.6666666666666667
lick,puppy,4,5.0
canine,terrier,5,6.666666666666667
butterfly,caterpillar,5,6.666666666666667
punk,rock,6,8.333333333333334
ice,sheep,1,0.0
petal,yellow,4,5.0
red,uniform,1,0.0
bright,raspberry,1,0.0
misty,mountain,3,3.3333333333333335
cottage,outfit,1,0.0
bright,pink,4,5.0
hang,sit,1,0.0
happy,smile,4,5.0
gasoline,summer,1,0.0
plant,seed,5,6.666666666666667
band,music,5,6.666666666666667
bird,goose,6,8.333333333333334
mammal,rope,1,0.0
chicken,rice,5,6.666666666666667
beauty,scenery,5,6.666666666666667
bird,feather,6,8.333333333333334
camel,outdoor,3,3.3333333333333335
bloom,tulip,5,6.666666666666667
cheerleader,scenery,1,0.0
flamingo,office,1,0.0
cherry,strawberry,6,8.333333333333334
bacon,beef,6,8.333333333333334
blonde,dark,4,5.0
black,white,6,8.333333333333334
jacket,jean,6,8.333333333333334
shop,shopping,7,10.0
dinner,lunch,6,8.333333333333334
kitchen,wash,4,5.0
feather,hummingbird,5,6.666666666666667
husky,match,1,0.0
jewelry,muscle,1,0.0
surfer,wave,5,6.666666666666667
button,police,2,1.6666666666666667
building,zombie,1,0.0
ceiling,window,5,6.666666666666667
bikini,swimsuit,6,8.333333333333334
coast,harbour,5,6.666666666666667
sailing,shore,5,6.666666666666667
pizza,restaurant,5,6.666666666666667
diner,sushi,3,3.3333333333333335
cigarette,tile,1,0.0
meat,pepper,4,5.0
bedroom,breakfast,3,3.3333333333333335
hummingbird,nest,5,6.666666666666667
hot,wet,3,3.3333333333333335
bar,boat,1,0.0
mist,sunlight,3,3.3333333333333335
building,roof,5,6.666666666666667
coffee,room,1,0.0
cold,ear,1,0.0
drip,rusty,2,1.6666666666666667
belly,dance,3,3.3333333333333335
office,woman,2,1.6666666666666667
dog,poodle,6,8.333333333333334
daffodil,plant,5,6.666666666666667
day,horse,1,0.0
dragonfly,piano,1,0.0
cross,post,1,0.0
cafe,diner,7,10.0
flight,whisker,1,0.0
face,happy,3,3.3333333333333335
lip,run,1,0.0
cute,music,1,0.0
raspberry,strawberry,6,8.333333333333334
bath,wine,1,0.0
match,play,6,8.333333333333334
flamingo,mallard,6,8.333333333333334
cat,purple,1,0.0
flower,petal,6,8.333333333333334
metal,punk,6,8.333333333333334
bright,rusty,2,1.6666666666666667
house,stop,2,1.6666666666666667
rain,sun,5,6.666666666666667
cake,christmas,3,3.3333333333333335
boy,live,2,1.6666666666666667
city,lamp,2,1.6666666666666667
bed,candy,1,0.0
egg,family,1,0.0
beach,coast,5,6.666666666666667
party,seat,2,1.6666666666666667
kitten,lingerie,1,0.0
insect,reptile,5,6.666666666666667
paw,whisker,4,5.0
bridge,ceramic,1,0.0
frozen,meat,4,5.0
bar,female,1,0.0
explosion,fire,5,6.666666666666667
bench,boardwalk,3,3.3333333333333335
field,red,1,0.0
daisy,grass,4,5.0
concert,sing,5,6.666666666666667
beer,patio,3,3.3333333333333335
insect,rodent,4,5.0
foliage,orchid,4,5.0
door,interior,5,6.666666666666667
happy,walk,1,0.0
morning,night,6,8.333333333333334
hot,wash,4,5.0
jump,sunlight,1,0.0
mountain,valley,6,8.333333333333334
desert,scenery,4,5.0
piano,wolf,1,0.0
lady,sunset,1,0.0
beach,shore,5,6.666666666666667
blur,metro,1,0.0
copper,silver,6,8.333333333333334
porch,roof,2,1.6666666666666667
foliage,lily,4,5.0
bright,grey,3,3.3333333333333335
flag,quote,1,0.0
feather,pelican,5,6.666666666666667
handle,shop,2,1.6666666666666667
fun,game,5,6.666666666666667
insect,plant,4,5.0
old,seat,2,1.6666666666666667
foliage,petal,3,3.3333333333333335
cute,post,1,0.0
cold,winter,5,6.666666666666667
panorama,view,7,10.0
kitten,paw,5,6.666666666666667
grave,number,1,0.0
daisy,flood,1,0.0
bucket,morning,1,0.0
panorama,scenery,7,10.0
bench,sit,6,8.333333333333334
glitter,smile,1,0.0
berry,sweet,5,6.666666666666667
soup,wool,1,0.0
meat,potato,5,6.666666666666667
frost,hot,3,3.3333333333333335
oak,petal,3,3.3333333333333335
bacon,tomato,4,5.0
bath,kitchen,3,3.3333333333333335
bridge,ford,4,5.0
airport,flight,5,6.666666666666667
lighthouse,wall,3,3.3333333333333335
cooking,diner,5,6.666666666666667
arch,roof,3,3.3333333333333335
daffodil,tulip,6,8.333333333333334
pregnant,round,2,1.6666666666666667
face,smile,5,6.666666666666667
feel,idea,2,1.6666666666666667
muscle,nature,2,1.6666666666666667
chopper,window,1,0.0
map,weed,1,0.0
musician,sing,4,5.0
dark,orange,3,3.3333333333333335
brown,pink,5,6.666666666666667
nut,sunflower,2,1.6666666666666667
amphibian,mammal,4,5.0
lighting,small,1,0.0
stripe,violet,1,0.0
seagull,tag,1,0.0
music,rock,6,8.333333333333334
stripe,tank,1,0.0
bread,cooking,5,6.666666666666667
food,frozen,4,5.0
street,town,5,6.666666666666667
day,misty,2,1.6666666666666667
ceiling,room,5,6.666666666666667
bud,floor,1,0.0
hockey,play,4,5.0
bud,flower,5,6.666666666666667
apple,fruit,6,8.333333333333334
fun,guy,2,1.6666666666666667
bud,petal,5,6.666666666666667
blue,purple,6,8.333333333333334
market,white,1,0.0
bed,kitchen,2,1.6666666666666667
bright,star,4,5.0
gravestone,graveyard,6,8.333333333333334
makeup,people,2,1.6666666666666667
grey,yellow,5,6.666666666666667
railway,underground,4,5.0
field,skyscraper,2,1.6666666666666667
shade,violet,2,1.6666666666666667
dark,yellow,4,5.0
air,cold,4,5.0
arm,television,1,0.0
hawk,insect,4,5.0
guitar,keyboard,5,6.666666666666667
eat,seagull,2,1.6666666666666667
bead,necklace,6,8.333333333333334
spring,summer,6,8.333333333333334
bird,hummingbird,5,6.666666666666667
barn,owl,2,1.6666666666666667
shore,valley,3,3.3333333333333335
makeup,old,1,0.0
colour,wild,1,0.0
cherry,orange,2,1.6666666666666667
city,round,1,0.0
patio,wash,1,0.0
hand,leave,1,0.0
smoke,smoking,6,8.333333333333334
river,water,6,8.333333333333334
escalator,metro,4,5.0
dark,shade,5,6.666666666666667
key,motor,1,0.0
apartment,sleep,3,3.3333333333333335
parking,scenery,1,0.0
ancient,poster,1,0.0
alley,racing,1,0.0
jaguar,storm,1,0.0
face,guy,2,1.6666666666666667
breakfast,makeup,2,1.6666666666666667
harbor,sailing,5,6.666666666666667
exhibition,painting,6,8.333333333333334
lens,storm,1,0.0
blonde,haircut,4,5.0
clothes,haircut,3,3.3333333333333335
girl,sexy,3,3.3333333333333335
boat,shore,4,5.0
animal,pet,5,6.666666666666667
child,mother,6,8.333333333333334
cold,flag,1,0.0
blossom,violet,5,6.666666666666667
car,motor,6,8.333333333333334
collection,museum,6,8.333333333333334
bud,shade,2,1.6666666666666667
exhibition,museum,6,8.333333333333334
jacket,sock,5,6.666666666666667
cold,mist,4,5.0
grape,rainbow,1,0.0
market,sushi,2,1.6666666666666667
copper,metal,6,8.333333333333334
cafe,donut,5,6.666666666666667
door,skyscraper,3,3.3333333333333335
sky,sun,5,6.666666666666667
morning,sunny,3,3.3333333333333335
game,hockey,5,6.666666666666667
haircut,stop,2,1.6666666666666667
bead,gold,3,3.3333333333333335
evening,night,6,8.333333333333334
shore,small,2,1.6666666666666667
leave,night,1,0.0
air,knit,1,0.0
day,weather,2,1.6666666666666667
clown,flood,1,0.0
leaf,nature,3,3.3333333333333335
blue,shirt,4,5.0
day,evening,5,6.666666666666667
dress,outfit,6,8.333333333333334
flower,shade,2,1.6666666666666667
rain,sunshine,6,8.333333333333334
flower,plant,6,8.333333333333334
cliff,waterfall,5,6.666666666666667
ocean,underwater,4,5.0
art,craft,5,6.666666666666667
bright,dark,6,8.333333333333334
rain,sky,5,6.666666666666667
country,work,1,0.0
bathroom,stair,2,1.6666666666666667
bright,sunlight,5,6.666666666666667
car,pig,1,0.0
cone,diamond,1,0.0
tea,whisker,1,0.0
cheetah,soup,1,0.0
beef,tomato,3,3.3333333333333335
bikini,pizza,1,0.0
lock,misty,1,0.0
mist,misty,7,10.0
vintage,zebra,1,0.0
dew,sunshine,3,3.3333333333333335
hockey,sport,6,8.333333333333334
bag,wild,1,0.0
engine,gasoline,6,8.333333333333334
bunny,rabbit,7,10.0
bird,hawk,6,8.333333333333334
snow,sunshine,5,6.666666666666667
construction,skyscraper,5,6.666666666666667
building,skyline,5,6.666666666666667
forest,hummingbird,4,5.0
lighting,stone,1,0.0
blossom,bud,6,8.333333333333334
metro,station,6,8.333333333333334
pub,wash,1,0.0
bedroom,kitchen,5,6.666666666666667
dawn,morning,6,8.333333333333334
milk,outdoor,1,0.0
chicken,lamb,5,6.666666666666667
daffodil,purple,3,3.3333333333333335
dessert,soup,5,6.666666666666667
scenery,sunny,3,3.3333333333333335
furniture,man,1,0.0
dawn,snow,2,1.6666666666666667
bright,orange,4,5.0
sunny,winter,3,3.3333333333333335
market,orange,1,0.0
foliage,tulip,3,3.3333333333333335
show,television,5,6.666666666666667
lick,origami,1,0.0
graveyard,house,2,1.6666666666666667
building,sandwich,1,0.0
foliage,fruit,3,3.3333333333333335
orange,red,6,8.333333333333334
sea,sing,1,0.0
skyline,skyscraper,5,6.666666666666667
downtown,skyscraper,5,6.666666666666667
furniture,room,6,8.333333333333334
fruit,tomato,5,6.666666666666667
cafe,dinner,5,6.666666666666667
chess,family,1,0.0
morning,sunshine,4,5.0
bay,beach,5,6.666666666666667
hotel,relax,4,5.0
collage,painting,5,6.666666666666667
art,drive,1,0.0
bird,nest,6,8.333333333333334
abandon,frost,1,0.0
cemetery,grave,6,8.333333333333334
lighting,man,1,0.0
cute,lick,1,0.0
demolition,skyline,2,1.6666666666666667
shirt,white,5,6.666666666666667
metro,underground,6,8.333333333333334
black,colour,6,8.333333333333334
lily,pond,5,6.666666666666667
paint,sing,4,5.0
exhibition,soup,1,0.0
bathroom,ceiling,4,5.0
colour,shade,5,6.666666666666667
fly,wing,5,6.666666666666667
dude,post,1,0.0
hawk,wild,5,6.666666666666667
ocean,sea,6,8.333333333333334
ad,track,2,1.6666666666666667
railway,train,6,8.333333333333334
architecture,design,6,8.333333333333334
cooking,rice,5,6.666666666666667
boat,sink,5,6.666666666666667
female,makeup,5,6.666666666666667
train,underground,4,5.0
rusty,stand,1,0.0
insect,number,1,0.0
old,race,1,0.0
ski,skirt,2,1.6666666666666667
art,christmas,2,1.6666666666666667
apartment,bedroom,5,6.666666666666667
baseball,rainbow,1,0.0
collection,work,3,3.3333333333333335
fabric,handle,2,1.6666666666666667
feline,kitty,5,6.666666666666667
rice,sushi,6,8.333333333333334
misty,scenery,4,5.0
autumn,sunshine,3,3.3333333333333335
dirty,wash,5,6.666666666666667
band,vinyl,4,5.0
blue,stripe,4,5.0
dinner,room,3,3.3333333333333335
outfit,skirt,5,6.666666666666667
van,vehicle,6,8.333333333333334
apartment,floor,6,8.333333333333334
bedroom,downtown,2,1.6666666666666667
pepper,soup,5,6.666666666666667
nature,tv,1,0.0
drip,round,1,0.0
reptile,swim,3,3.3333333333333335
idea,stop,1,0.0
man,transformer,1,0.0
costume,outfit,7,10.0
morning,stop,1,0.0
food,fruit,5,6.666666666666667
decoration,twig,3,3.3333333333333335
evening,lunch,2,1.6666666666666667
club,play,4,5.0
pepper,sunflower,3,3.3333333333333335
rain,wind,6,8.333333333333334
lick,lip,6,8.333333333333334
bacon,pepper,5,6.666666666666667
gun,pizza,1,0.0
line,temple,1,0.0
exhibition,photography,5,6.666666666666667
cold,rain,5,6.666666666666667
vine,wine,5,6.666666666666667
hill,shore,5,6.666666666666667
insect,mom,1,0.0
origami,white,3,3.3333333333333335
eye,iris,1,0.0
branch,twig,6,8.333333333333334
garage,mammal,1,0.0
bus,tram,6,8.333333333333334
key,palace,1,0.0
cliff,harbour,5,6.666666666666667
harbor,harbour,7,10.0
breakfast,evening,3,3.3333333333333335
angel,gasoline,1,0.0
bread,eat,5,6.666666666666667
city,sidewalk,5,6.666666666666667
beef,pepper,4,5.0
bright,sunny,4,5.0
cooking,eat,5,6.666666666666667
church,graveyard,5,6.666666666666667
poster,tank,1,0.0
military,reflection,1,0.0
skirt,wig,3,3.3333333333333335
fun,night,2,1.6666666666666667
coast,hill,4,5.0
lantern,oak,1,0.0
dandelion,petal,5,6.666666666666667
beetle,insect,6,8.333333333333334
guy,idea,2,1.6666666666666667
shade,tree,5,6.666666666666667
bath,bed,4,5.0
cookie,peel,2,1.6666666666666667
rain,wet,6,8.333333333333334
mist,morning,5,6.666666666666667
lunch,sandwich,5,6.666666666666667
leather,rope,2,1.6666666666666667
subway,train,5,6.666666666666667
abstract,candle,1,0.0
cloud,mist,6,8.333333333333334
frost,spring,3,3.3333333333333335
mural,paint,6,8.333333333333334
feel,time,2,1.6666666666666667
garden,pumpkin,3,3.3333333333333335
graveyard,ruin,4,5.0
hat,jacket,5,6.666666666666667
morning,smile,1,0.0
brown,hummingbird,2,1.6666666666666667
porch,scooter,2,1.6666666666666667
family,live,3,3.3333333333333335
hang,tear,1,0.0
tree,twig,5,6.666666666666667
person,stair,2,1.6666666666666667
autumn,shade,2,1.6666666666666667
ice,snow,6,8.333333333333334
misty,weather,4,5.0
dessert,fruit,5,6.666666666666667
garden,kitchen,3,3.3333333333333335
rainbow,whale,1,0.0
play,wine,1,0.0
abstract,vehicle,1,0.0
cocktail,relax,3,3.3333333333333335
frost,wet,3,3.3333333333333335
chapel,tower,3,3.3333333333333335
harbour,town,3,3.3333333333333335
foliage,shade,5,6.666666666666667
bacon,guy,1,0.0
brown,green,5,6.666666666666667
car,garage,5,6.666666666666667
game,husky,2,1.6666666666666667
hold,theatre,3,3.3333333333333335
hang,time,2,1.6666666666666667
action,whisker,1,0.0
canine,run,3,3.3333333333333335
escalator,station,3,3.3333333333333335
fun,relax,5,6.666666666666667
hat,jean,4,5.0
daisy,gravestone,2,1.6666666666666667
smile,tear,5,6.666666666666667
sea,swim,5,6.666666666666667
bakery,cake,5,6.666666666666667
foliage,plant,6,8.333333333333334
dude,kid,3,3.3333333333333335
metro,train,5,6.666666666666667
petal,rose,5,6.666666666666667
bed,sit,3,3.3333333333333335
dirty,rusty,4,5.0
berry,dessert,4,5.0
marble,monkey,1,0.0
grave,hat,2,1.6666666666666667
ceiling,wall,5,6.666666666666667
breakfast,morning,5,6.666666666666667
military,tomato,1,0.0
animal,wild,5,6.666666666666667
flamingo,pelican,6,8.333333333333334
bedroom,canyon,1,0.0
beef,cooking,4,5.0
lick,paw,3,3.3333333333333335
berry,cherry,6,8.333333333333334
metro,television,1,0.0
hill,town,3,3.3333333333333335
cheetah,giraffe,4,5.0
raspberry,sweet,5,6.666666666666667
camera,crow,1,0.0
party,sink,1,0.0
lawn,patio,4,5.0
dusk,skirt,1,0.0
snake,taxi,1,0.0
swim,underwater,4,5.0
foot,toe,6,8.333333333333334
play,sailing,1,0.0
black,seat,2,1.6666666666666667
glitter,scenery,2,1.6666666666666667
fun,time,1,0.0
child,live,2,1.6666666666666667
purple,shade,4,5.0
floor,porch,3,3.3333333333333335
seed,sunflower,5,6.666666666666667
floor,interior,4,5.0
orange,strawberry,2,1.6666666666666667
mallard,portrait,1,0.0
graveyard,silver,1,0.0
beard,hair,6,8.333333333333334
black,dark,5,6.666666666666667
pelican,stork,6,8.333333333333334
auto,santa,1,0.0
basket,moss,1,0.0
cold,weather,5,6.666666666666667
brown,orange,6,8.333333333333334
basket,dinner,2,1.6666666666666667
bath,room,2,1.6666666666666667
gymnastics,port,1,0.0
pink,white,5,6.666666666666667
barn,food,1,0.0
butterfly,insect,5,6.666666666666667
violet,white,4,5.0
sea,tropical,4,5.0
storm,tropical,5,6.666666666666667
tomato,whale,1,0.0
jacket,leather,5,6.666666666666667
kitchen,sleep,1,0.0
band,metal,4,5.0
butterfly,leave,1,0.0
mallard,swan,6,8.333333333333334
belly,dark,1,0.0
angel,pod,1,0.0
baseball,bear,1,0.0
day,morning,6,8.333333333333334
cathedral,ruin,4,5.0
poppy,store,1,0.0
porch,staircase,3,3.3333333333333335
action,subway,1,0.0
potato,soup,5,6.666666666666667
drip,rain,4,5.0
clock,stripe,1,0.0
jellyfish,rally,1,0.0
friend,happy,2,1.6666666666666667
mist,sunshine,5,6.666666666666667
green,gull,1,0.0
lady,sexy,3,3.3333333333333335
splash,swimming,3,3.3333333333333335
gold,texture,2,1.6666666666666667
foliage,violet,3,3.3333333333333335
ford,wall,2,1.6666666666666667
evening,sunshine,2,1.6666666666666667
steel,wing,2,1.6666666666666667
musician,piano,5,6.666666666666667
foot,mural,1,0.0
berry,eat,5,6.666666666666667
pyramid,swimsuit,1,0.0
eye,smile,3,3.3333333333333335
porch,ruin,3,3.3333333333333335
ruin,swimsuit,1,0.0
cloud,droplet,2,1.6666666666666667
cafe,shop,5,6.666666666666667
hummingbird,reptile,4,5.0
daffodil,flower,6,8.333333333333334
stair,steel,3,3.3333333333333335
music,sing,6,8.333333333333334
chapel,church,6,8.333333333333334
barn,mug,1,0.0
sunlight,sunshine,6,8.333333333333334
leather,swan,1,0.0
blossom,ivy,5,6.666666666666667
grey,stripe,3,3.3333333333333335
frost,sunshine,3,3.3333333333333335
key,misty,1,0.0
airplane,flight,6,8.333333333333334
stripe,train,1,0.0
light,shadow,5,6.666666666666667
beard,blonde,4,5.0
farm,wind,2,1.6666666666666667
daughter,mother,6,8.333333333333334
brick,building,5,6.666666666666667
shore,swim,3,3.3333333333333335
piano,play,6,8.333333333333334
guy,sit,2,1.6666666666666667
sweet,vine,1,0.0
mud,water,5,6.666666666666667
concrete,interior,3,3.3333333333333335
burger,frozen,4,5.0
brick,concrete,5,6.666666666666667
fall,tear,1,0.0
coffee,sun,1,0.0
eye,sky,1,0.0
hot,winter,2,1.6666666666666667
berry,foliage,3,3.3333333333333335
bedroom,patio,4,5.0
flower,spring,5,6.666666666666667
cherry,lamb,3,3.3333333333333335
amphibian,reptile,6,8.333333333333334
breakfast,hotel,4,5.0
fun,stop,1,0.0
collar,tiger,2,1.6666666666666667
dirty,smile,1,0.0
salad,sunflower,2,1.6666666666666667
hockey,ice,5,6.666666666666667
hang,stand,2,1.6666666666666667
feline,pet,4,5.0
construction,violet,1,0.0
fire,smoke,6,8.333333333333334
burger,mac,6,8.333333333333334
drop,time,1,0.0
aircraft,fly,6,8.333333333333334
bacon,wild,1,0.0
flower,purple,5,6.666666666666667
couple,family,5,6.666666666666667
dragon,oak,1,0.0
grey,violet,1,0.0
dessert,raspberry,3,3.3333333333333335
lunch,sunshine,1,0.0
girl,wind,1,0.0
cigarette,skating,1,0.0
ad,bacon,1,0.0
chicken,soup,5,6.666666666666667
interior,object,4,5.0
