word1,word2,similarity_out_of_50,similarity
sun,sunlight,50.0,10.0
automobile,car,50.0,10.0
river,water,49.0,9.8
stairs,staircase,49.0,9.8
morning,sunrise,49.0,9.8
rain,storm,49.0,9.8
cat,kittens,49.0,9.8
dance,dancers,49.0,9.8
camera,photography,49.0,9.8
cat,feline,48.0,9.6
sunny,sunshine,48.0,9.6
pregnancy,pregnant,48.0,9.6
beach,sand,48.0,9.6
bakery,bread,48.0,9.6
flowers,garden,48.0,9.6
grass,lawn,48.0,9.6
copper,metal,48.0,9.6
photos,photography,47.0,9.4
cemetery,graveyard,47.0,9.4
gravestone,graveyard,47.0,9.4
sun,sunshine,47.0,9.4
black,dark,47.0,9.4
cathedral,church,47.0,9.4
frozen,ice,47.0,9.4
station,subway,47.0,9.4
children,kids,46.0,9.2
aquarium,fish,46.0,9.2
light,lighting,46.0,9.2
fungi,mushrooms,46.0,9.2
frost,snow,46.0,9.2
burn,flame,46.0,9.2
ocean,sea,46.0,9.2
candy,chocolate,46.0,9.2
car,vehicle,46.0,9.2
concert,music,46.0,9.2
photos,picture,46.0,9.2
grapes,wine,46.0,9.2
bath,bathroom,46.0,9.2
buds,flowers,46.0,9.2
cat,kitty,46.0,9.2
ocean,water,46.0,9.2
aircraft,airplane,46.0,9.2
butterfly,caterpillars,46.0,9.2
hair,wig,46.0,9.2
blossom,buds,46.0,9.2
highway,road,46.0,9.2
bunny,rabbit,46.0,9.2
bread,sandwich,46.0,9.2
mist,misty,46.0,9.2
flowers,petals,46.0,9.2
airplane,flight,46.0,9.2
fish,fishing,46.0,9.2
ice,snow,46.0,9.2
bright,sun,45.0,9.0
shade,tree,45.0,9.0
bicycle,bike,45.0,9.0
truck,vehicle,45.0,9.0
shore,water,45.0,9.0
boat,fishing,45.0,9.0
dog,puppy,45.0,9.0
bride,wedding,45.0,9.0
birds,hummingbird,45.0,9.0
sea,water,45.0,9.0
cow,milk,45.0,9.0
birds,feathers,45.0,9.0
skate,skating,45.0,9.0
chapel,church,45.0,9.0
branch,twigs,45.0,9.0
concert,musicians,45.0,9.0
clothes,dress,45.0,9.0
automobile,vehicle,45.0,9.0
splash,swimming,45.0,9.0
bed,furniture,45.0,9.0
aircraft,flight,45.0,9.0
reptiles,snake,45.0,9.0
motorcycle,scooter,45.0,9.0
coffee,tea,45.0,9.0
feathers,goose,45.0,9.0
pool,swimming,45.0,9.0
eyes,face,45.0,9.0
dirt,dirty,45.0,9.0
railway,train,45.0,9.0
harbour,port,45.0,9.0
fruit,strawberry,45.0,9.0
flight,plane,45.0,9.0
smoke,smoking,45.0,9.0
ivy,plant,45.0,9.0
river,stream,45.0,9.0
lake,water,45.0,9.0
kittens,kitty,45.0,9.0
snow,snowman,45.0,9.0
dog,terrier,45.0,9.0
daffodils,flowers,45.0,9.0
pond,water,45.0,9.0
show,television,44.0,8.8
handwriting,written,44.0,8.8
flood,water,44.0,8.8
jazz,musicians,44.0,8.8
eagle,feathers,44.0,8.8
grapes,vine,44.0,8.8
birds,hawk,44.0,8.8
clothes,outfit,44.0,8.8
exhibition,museum,44.0,8.8
hand,palm,44.0,8.8
grave,graveyard,44.0,8.8
berry,strawberry,44.0,8.8
forest,oak,44.0,8.8
crochet,knitting,44.0,8.8
birds,eagle,44.0,8.8
canine,puppy,44.0,8.8
bar,cocktail,44.0,8.8
bar,pub,44.0,8.8
sunlight,sunshine,44.0,8.8
apple,fruit,44.0,8.8
sun,sunrise,44.0,8.8
gymnastics,sports,44.0,8.8
sailing,ship,44.0,8.8
beach,sea,44.0,8.8
game,hockey,44.0,8.8
bed,pillow,44.0,8.8
daffodils,tulip,44.0,8.8
flowers,plant,44.0,8.8
fire,smoke,44.0,8.8
canine,dog,44.0,8.8
bracelet,jewelry,44.0,8.8
feline,kitty,44.0,8.8
architecture,building,44.0,8.8
shop,shopping,44.0,8.8
highway,traffic,44.0,8.8
lizard,reptiles,44.0,8.8
music,piano,44.0,8.8
strawberry,sweet,44.0,8.8
snow,winter,44.0,8.8
autumn,spring,44.0,8.8
bacon,meat,44.0,8.8
raspberry,strawberry,44.0,8.8
chipmunk,squirrel,44.0,8.8
coast,harbor,44.0,8.8
dress,skirt,44.0,8.8
sun,sunny,44.0,8.8
lily,tulip,44.0,8.8
grave,gravestone,44.0,8.8
bright,sunny,44.0,8.8
dandelion,plant,44.0,8.8
light,sunlight,44.0,8.8
hill,mountain,43.0,8.6
burger,food,43.0,8.6
sea,shore,43.0,8.6
feathers,peacock,43.0,8.6
children,mother,43.0,8.6
night,sunset,43.0,8.6
orange,peel,43.0,8.6
subway,train,43.0,8.6
camera,lens,43.0,8.6
daisy,petals,43.0,8.6
aircraft,wing,43.0,8.6
bloom,flowers,43.0,8.6
clothes,jacket,43.0,8.6
dinner,restaurant,43.0,8.6
swim,swimming,43.0,8.6
cemetery,gravestone,43.0,8.6
cigarette,smoke,43.0,8.6
shirt,skirt,43.0,8.6
baby,pregnant,43.0,8.6
cherry,fruit,43.0,8.6
beef,meat,43.0,8.6
blossom,daffodils,43.0,8.6
bloom,blossom,43.0,8.6
maple,oak,43.0,8.6
frost,winter,43.0,8.6
colour,pink,43.0,8.6
dog,poodle,43.0,8.6
lantern,light,43.0,8.6
coast,sea,43.0,8.6
tunnel,underground,43.0,8.6
dog,pets,43.0,8.6
hair,haircut,43.0,8.6
day,sunset,43.0,8.6
bikini,swimsuit,43.0,8.6
rail,railway,43.0,8.6
art,museum,43.0,8.6
painting,portrait,43.0,8.6
dress,wedding,43.0,8.6
poodle,puppy,43.0,8.6
port,ship,43.0,8.6
bloom,tulip,43.0,8.6
cold,winter,43.0,8.6
bakery,cake,43.0,8.6
building,roof,43.0,8.6
iron,steel,43.0,8.6
birds,stork,43.0,8.6
lily,plant,43.0,8.6
eat,food,43.0,8.6
bathroom,kitchen,43.0,8.6
jazz,music,43.0,8.6
fabric,wool,43.0,8.6
aquarium,tank,43.0,8.6
fire,flame,43.0,8.6
bloom,rose,43.0,8.6
leaf,nature,43.0,8.6
town,village,43.0,8.6
apple,orange,43.0,8.6
dawn,sunrise,43.0,8.6
engine,gasoline,43.0,8.6
oak,tree,43.0,8.6
guitar,piano,43.0,8.6
chocolate,dessert,43.0,8.6
cat,paws,43.0,8.6
birds,goose,43.0,8.6
blue,sky,43.0,8.6
pool,swim,43.0,8.6
bracelet,necklace,42.0,8.4
fruit,salad,42.0,8.4
eggs,nest,42.0,8.4
boat,sailing,42.0,8.4
birds,crow,42.0,8.4
birds,flamingo,42.0,8.4
day,sunshine,42.0,8.4
hockey,sports,42.0,8.4
burger,eat,42.0,8.4
fruit,raspberry,42.0,8.4
lunch,sandwich,42.0,8.4
feet,toes,42.0,8.4
baby,mother,42.0,8.4
amphibians,frog,42.0,8.4
burn,fire,42.0,8.4
hockey,ice,42.0,8.4
cold,frozen,42.0,8.4
oak,wood,42.0,8.4
photographer,photography,42.0,8.4
man,women,42.0,8.4
hair,redhead,42.0,8.4
harbor,port,42.0,8.4
pug,puppy,42.0,8.4
sunrise,sunset,42.0,8.4
leather,shoes,42.0,8.4
beach,shore,42.0,8.4
color,red,42.0,8.4
painted,painting,42.0,8.4
storm,wind,42.0,8.4
color,violet,42.0,8.4
rain,wet,42.0,8.4
diner,eat,42.0,8.4
bed,bedroom,42.0,8.4
guitar,musicians,42.0,8.4
petals,rose,42.0,8.4
rail,subway,42.0,8.4
holiday,vacation,42.0,8.4
bed,sleep,42.0,8.4
cigarette,smoking,42.0,8.4
airplane,plane,42.0,8.4
daffodils,plant,42.0,8.4
diner,kitchen,42.0,8.4
coins,silver,42.0,8.4
cake,chocolate,42.0,8.4
evening,night,42.0,8.4
race,racing,42.0,8.4
flight,flying,42.0,8.4
face,lips,42.0,8.4
berry,raspberry,42.0,8.4
lamp,light,42.0,8.4
birds,nest,42.0,8.4
mother,pregnant,42.0,8.4
animals,pets,42.0,8.4
butterfly,insects,42.0,8.4
sky,sunrise,42.0,8.4
canine,husky,42.0,8.4
food,meat,42.0,8.4
cloud,sky,42.0,8.4
crow,feathers,42.0,8.4
blossom,flowers,42.0,8.4
splash,swim,42.0,8.4
band,musicians,42.0,8.4
cactus,plant,42.0,8.4
eagle,hawk,42.0,8.4
harbour,sea,42.0,8.4
flowers,foliage,42.0,8.4
red,violet,42.0,8.4
music,sing,42.0,8.4
breakfast,morning,42.0,8.4
cafe,restaurant,42.0,8.4
beach,coast,42.0,8.4
puddle,splash,42.0,8.4
birds,pelican,42.0,8.4
clothes,socks,42.0,8.4
amphibians,lizard,41.0,8.2
daughter,son,41.0,8.2
car,motor,41.0,8.2
amphibians,reptiles,41.0,8.2
day,morning,41.0,8.2
aircraft,flying,41.0,8.2
airplane,airport,41.0,8.2
metro,train,41.0,8.2
band,music,41.0,8.2
shadow,sunlight,41.0,8.2
night,sleep,41.0,8.2
salad,soup,41.0,8.2
porch,roof,41.0,8.2
eyes,tears,41.0,8.2
colour,rainbow,41.0,8.2
berry,fruit,41.0,8.2
red,yellow,41.0,8.2
socks,stockings,41.0,8.2
flamingo,hummingbird,41.0,8.2
tree,twigs,41.0,8.2
kiss,lips,41.0,8.2
burger,sandwich,41.0,8.2
pregnant,women,41.0,8.2
rain,weather,41.0,8.2
dinner,eat,41.0,8.2
feathers,hawk,41.0,8.2
animals,zoo,41.0,8.2
duck,mallard,41.0,8.2
mountain,valley,41.0,8.2
beach,harbour,41.0,8.2
musicians,rock,41.0,8.2
band,guitar,41.0,8.2
car,garage,41.0,8.2
feet,leg,41.0,8.2
sky,sunlight,41.0,8.2
mist,rain,41.0,8.2
mother,son,41.0,8.2
airplane,wing,41.0,8.2
colour,red,41.0,8.2
music,musicians,41.0,8.2
bay,beach,41.0,8.2
blonde,redhead,41.0,8.2
petals,plant,41.0,8.2
kitchen,room,41.0,8.2
lingerie,sexy,41.0,8.2
automobile,parking,41.0,8.2
bar,restaurant,41.0,8.2
bedroom,room,41.0,8.2
bus,taxi,41.0,8.2
fun,happy,41.0,8.2
station,train,41.0,8.2
pelican,stork,41.0,8.2
black,grey,41.0,8.2
orange,yellow,41.0,8.2
foliage,petals,41.0,8.2
park,parking,41.0,8.2
lips,tongue,41.0,8.2
fog,misty,41.0,8.2
canine,poodle,41.0,8.2
bath,washing,41.0,8.2
foliage,tree,41.0,8.2
panorama,view,41.0,8.2
bloom,daisy,41.0,8.2
escalator,stairs,41.0,8.2
petals,tulip,41.0,8.2
fishing,sea,41.0,8.2
beef,cattle,41.0,8.2
noodles,rice,41.0,8.2
birds,parrot,41.0,8.2
fruit,orange,41.0,8.2
mural,painting,41.0,8.2
airport,flight,41.0,8.2
shopping,store,41.0,8.2
summer,sunny,41.0,8.2
road,sidewalk,41.0,8.2
airplane,flying,41.0,8.2
guitar,music,40.0,8.0
cat,whiskers,40.0,8.0
family,friends,40.0,8.0
bloom,petals,40.0,8.0
musicians,piano,40.0,8.0
dirty,washing,40.0,8.0
elephant,giraffe,40.0,8.0
puppy,terrier,40.0,8.0
breakfast,kitchen,40.0,8.0
subway,underground,40.0,8.0
sand,shore,40.0,8.0
butterfly,dragonfly,40.0,8.0
cheetah,lion,40.0,8.0
color,yellow,40.0,8.0
door,locked,40.0,8.0
bright,sunlight,40.0,8.0
van,vehicle,40.0,8.0
orange,red,40.0,8.0
beetles,insects,40.0,8.0
kids,mom,40.0,8.0
daughter,mother,40.0,8.0
children,school,40.0,8.0
giraffe,zebra,40.0,8.0
harbor,harbour,40.0,8.0
lamb,sheep,40.0,8.0
heart,love,40.0,8.0
lily,rose,40.0,8.0
asphalt,road,40.0,8.0
morning,sunny,40.0,8.0
coast,shore,40.0,8.0
sunny,sunset,40.0,8.0
nest,twigs,40.0,8.0
happy,smile,40.0,8.0
figure,skating,40.0,8.0
rail,train,40.0,8.0
door,wall,40.0,8.0
dawn,sun,40.0,8.0
feathers,stork,40.0,8.0
morning,sunshine,40.0,8.0
building,construction,40.0,8.0
cafe,coffee,40.0,8.0
bloom,buds,40.0,8.0
jacket,leather,40.0,8.0
map,travel,40.0,8.0
plant,seed,40.0,8.0
city,metro,40.0,8.0
pebbles,sand,40.0,8.0
cafe,lunch,40.0,8.0
coast,harbour,40.0,8.0
dog,pug,40.0,8.0
sky,sun,40.0,8.0
mallard,swan,40.0,8.0
cloud,rain,40.0,8.0
sky,sunshine,40.0,8.0
frost,weather,40.0,8.0
cherry,raspberry,40.0,8.0
downtown,street,40.0,8.0
bloom,dandelion,40.0,8.0
dragonfly,insects,40.0,8.0
bottle,wine,40.0,8.0
feel,happy,40.0,8.0
railway,station,40.0,8.0
beach,swimming,40.0,8.0
cafe,diner,40.0,8.0
cafe,pub,40.0,8.0
building,tall,40.0,8.0
burger,meat,40.0,8.0
gold,silver,40.0,8.0
summer,weather,40.0,8.0
military,soldiers,40.0,8.0
cemetery,grave,40.0,8.0
pizza,restaurant,39.0,7.8
bright,colour,39.0,7.8
canine,paws,39.0,7.8
swim,underwater,39.0,7.8
sea,swim,39.0,7.8
pub,restaurant,39.0,7.8
day,time,39.0,7.8
canine,terrier,39.0,7.8
bottle,glass,39.0,7.8
bed,relaxed,39.0,7.8
seed,sunflower,39.0,7.8
birds,owl,39.0,7.8
art,sculpture,39.0,7.8
light,shade,39.0,7.8
apartment,staircase,39.0,7.8
outfit,socks,39.0,7.8
carrots,potatoes,39.0,7.8
lizard,snake,39.0,7.8
city,sidewalk,39.0,7.8
guitar,rock,39.0,7.8
brick,building,39.0,7.8
eat,soup,39.0,7.8
dew,misty,39.0,7.8
blue,colour,39.0,7.8
dawn,morning,39.0,7.8
cooking,restaurant,39.0,7.8
bay,sea,39.0,7.8
cafe,shop,39.0,7.8
floor,roof,39.0,7.8
clothes,hat,39.0,7.8
marble,stone,39.0,7.8
duck,goose,39.0,7.8
collection,museum,39.0,7.8
happy,love,39.0,7.8
bakery,shop,39.0,7.8
mist,wet,39.0,7.8
blossom,petals,39.0,7.8
bright,light,39.0,7.8
rice,sushi,39.0,7.8
cooking,meat,39.0,7.8
day,night,39.0,7.8
kiss,love,39.0,7.8
stream,waterfall,39.0,7.8
interior,room,39.0,7.8
surf,surfers,39.0,7.8
poodle,terrier,39.0,7.8
cold,frost,39.0,7.8
city,town,39.0,7.8
ocean,underwater,39.0,7.8
harbor,sailing,39.0,7.8
scenery,sunset,39.0,7.8
green,violet,39.0,7.8
harbor,ship,39.0,7.8
summer,sunshine,39.0,7.8
blue,grey,39.0,7.8
art,graphic,39.0,7.8
lake,shore,39.0,7.8
rust,rusty,39.0,7.8
architecture,design,39.0,7.8
goose,swan,39.0,7.8
architecture,construction,39.0,7.8
hawk,nest,39.0,7.8
carrots,salad,39.0,7.8
fruit,tomato,39.0,7.8
purple,violet,39.0,7.8
misty,rain,39.0,7.8
clothes,jean,39.0,7.8
bloom,daffodils,39.0,7.8
brick,construction,39.0,7.8
diner,restaurant,39.0,7.8
ceiling,roof,39.0,7.8
painted,portrait,39.0,7.8
ripples,wave,39.0,7.8
beard,face,39.0,7.8
apple,raspberry,39.0,7.8
fashion,outfit,39.0,7.8
downtown,skyscraper,39.0,7.8
buds,daffodils,39.0,7.8
harbor,shore,39.0,7.8
blonde,hair,39.0,7.8
kittens,paws,39.0,7.8
bay,shore,39.0,7.8
shop,store,39.0,7.8
gravestone,memorial,38.0,7.6
canine,pug,38.0,7.6
crow,hawk,38.0,7.6
dress,outfit,38.0,7.6
city,urban,38.0,7.6
bedroom,door,38.0,7.6
bus,tram,38.0,7.6
spring,summer,38.0,7.6
scenery,waterfall,38.0,7.6
road,traffic,38.0,7.6
hill,valley,38.0,7.6
ceiling,floor,38.0,7.6
splash,water,38.0,7.6
grass,weed,38.0,7.6
sunny,weather,38.0,7.6
parrot,wing,38.0,7.6
daisy,violet,38.0,7.6
copper,silver,38.0,7.6
baseball,hockey,38.0,7.6
pets,poodle,38.0,7.6
blossom,foliage,38.0,7.6
pink,purple,38.0,7.6
grey,shade,38.0,7.6
panorama,scenery,38.0,7.6
downtown,metro,38.0,7.6
beard,hair,38.0,7.6
dandelion,petals,38.0,7.6
blue,violet,38.0,7.6
daisy,flowers,38.0,7.6
noodles,soup,38.0,7.6
pets,puppy,38.0,7.6
buds,petals,38.0,7.6
ancient,ruins,38.0,7.6
eyes,iris,38.0,7.6
puddle,water,38.0,7.6
harbor,sea,38.0,7.6
painting,sculpture,38.0,7.6
sand,sea,38.0,7.6
feline,kittens,38.0,7.6
birds,swan,38.0,7.6
baseball,game,38.0,7.6
colour,purple,38.0,7.6
pool,splash,38.0,7.6
cattle,sheep,38.0,7.6
landscape,scenery,38.0,7.6
coins,gold,38.0,7.6
boat,shore,38.0,7.6
skyscraper,tall,38.0,7.6
apple,cherry,38.0,7.6
beef,chicken,38.0,7.6
hot,sunny,38.0,7.6
dessert,fruit,38.0,7.6
photographer,portrait,38.0,7.6
chicken,meat,38.0,7.6
ceiling,interior,38.0,7.6
bathroom,bedroom,38.0,7.6
hummingbird,stork,38.0,7.6
motor,vehicle,38.0,7.6
colour,grey,38.0,7.6
blue,orange,38.0,7.6
dawn,dusk,38.0,7.6
building,downtown,38.0,7.6
face,tears,38.0,7.6
boat,harbour,38.0,7.6
cattle,farm,38.0,7.6
dripping,wet,38.0,7.6
brown,green,38.0,7.6
bedroom,ceiling,38.0,7.6
bread,eat,38.0,7.6
dinner,evening,38.0,7.6
face,smile,38.0,7.6
bride,dress,38.0,7.6
stone,wall,38.0,7.6
mural,painted,38.0,7.6
foliage,plant,38.0,7.6
day,dusk,38.0,7.6
roof,wall,38.0,7.6
cooking,food,38.0,7.6
photography,portrait,38.0,7.6
buds,foliage,38.0,7.6
lily,pond,37.0,7.4
harbour,shore,37.0,7.4
palm,tree,37.0,7.4
bus,subway,37.0,7.4
holiday,travel,37.0,7.4
skyline,view,37.0,7.4
bedroom,cottage,37.0,7.4
dinner,lunch,37.0,7.4
grave,memorial,37.0,7.4
dessert,sweet,37.0,7.4
birds,insects,37.0,7.4
concert,rock,37.0,7.4
mushrooms,tomato,37.0,7.4
metro,railway,37.0,7.4
giraffe,zoo,37.0,7.4
railway,subway,37.0,7.4
misty,weather,37.0,7.4
parrot,pelican,37.0,7.4
bedroom,sleep,37.0,7.4
autumn,summer,37.0,7.4
automobile,truck,37.0,7.4
amphibians,mammals,37.0,7.4
cemetery,memorial,37.0,7.4
orange,purple,37.0,7.4
blue,color,37.0,7.4
daffodils,rose,37.0,7.4
berry,seed,37.0,7.4
hummingbird,mallard,37.0,7.4
dandelion,grass,37.0,7.4
brick,concrete,37.0,7.4
costumes,dress,37.0,7.4
cloud,mist,37.0,7.4
sea,tropical,37.0,7.4
brown,grey,37.0,7.4
bathroom,room,37.0,7.4
daisy,plant,37.0,7.4
painted,picture,37.0,7.4
eyes,lips,37.0,7.4
autumn,winter,37.0,7.4
dripping,rain,37.0,7.4
horizon,sky,37.0,7.4
black,blue,37.0,7.4
metro,station,37.0,7.4
alley,street,37.0,7.4
children,family,37.0,7.4
mountain,scenery,37.0,7.4
concrete,construction,37.0,7.4
mill,windmill,37.0,7.4
summer,winter,37.0,7.4
plant,twigs,37.0,7.4
breakfast,lunch,37.0,7.4
concrete,floor,37.0,7.4
rain,sky,37.0,7.4
food,frozen,37.0,7.4
moss,plant,37.0,7.4
flowers,spring,37.0,7.4
birds,mallard,37.0,7.4
graphic,illustrations,37.0,7.4
eat,fruit,37.0,7.4
ceiling,porch,37.0,7.4
river,valley,37.0,7.4
fog,mist,37.0,7.4
dude,guy,37.0,7.4
moon,sky,37.0,7.4
bar,sushi,37.0,7.4
beauty,scenery,37.0,7.4
feathers,mallard,37.0,7.4
furniture,patio,37.0,7.4
light,shadow,37.0,7.4
bay,harbour,37.0,7.4
washing,water,37.0,7.4
flight,owl,37.0,7.4
paws,whiskers,37.0,7.4
costumes,wig,37.0,7.4
animals,giraffe,37.0,7.4
autumn,foliage,37.0,7.4
animals,cattle,37.0,7.4
building,skyscraper,37.0,7.4
ice,skating,37.0,7.4
meat,potatoes,37.0,7.4
buds,twigs,37.0,7.4
knitting,stitches,37.0,7.4
hot,sunshine,37.0,7.4
bed,room,37.0,7.4
music,rock,37.0,7.4
cooking,rice,37.0,7.4
berry,cherry,37.0,7.4
piano,played,37.0,7.4
flowers,lily,37.0,7.4
cherry,strawberry,37.0,7.4
clothes,skirt,37.0,7.4
art,painting,37.0,7.4
birds,gull,37.0,7.4
spiral,staircase,37.0,7.4
paws,pets,37.0,7.4
feathers,nest,37.0,7.4
feathers,owl,37.0,7.4
blossom,cherry,37.0,7.4
goats,sheep,37.0,7.4
green,pink,37.0,7.4
foliage,garden,37.0,7.4
dog,husky,37.0,7.4
feathers,hummingbird,37.0,7.4
sunshine,weather,37.0,7.4
snow,weather,37.0,7.4
surfers,wave,37.0,7.4
breakfast,dinner,37.0,7.4
shoes,toes,37.0,7.4
band,played,37.0,7.4
coffee,mug,37.0,7.4
brick,wall,37.0,7.4
fishing,sailing,37.0,7.4
grey,white,37.0,7.4
orange,strawberry,37.0,7.4
color,purple,37.0,7.4
blossom,daisy,37.0,7.4
hawk,owl,37.0,7.4
exhibition,photography,37.0,7.4
morning,night,37.0,7.4
band,concert,37.0,7.4
dress,shirt,37.0,7.4
river,waterfall,37.0,7.4
ceramic,tiles,36.0,7.2
cloud,droplets,36.0,7.2
exhibition,sculpture,36.0,7.2
oak,twigs,36.0,7.2
movie,television,36.0,7.2
butterfly,hummingbird,36.0,7.2
daisy,grass,36.0,7.2
floor,marble,36.0,7.2
canyon,river,36.0,7.2
decoration,interior,36.0,7.2
flamingo,stork,36.0,7.2
born,mother,36.0,7.2
moon,sun,36.0,7.2
musicians,sing,36.0,7.2
green,red,36.0,7.2
purple,white,36.0,7.2
canine,pets,36.0,7.2
morning,sleep,36.0,7.2
weather,winter,36.0,7.2
sky,sunny,36.0,7.2
jacket,socks,36.0,7.2
blue,red,36.0,7.2
green,grey,36.0,7.2
lily,petals,36.0,7.2
blue,purple,36.0,7.2
goose,mallard,36.0,7.2
hotel,restaurant,36.0,7.2
downtown,urban,36.0,7.2
jean,skirt,36.0,7.2
guy,people,36.0,7.2
birthday,happy,36.0,7.2
chicken,soup,36.0,7.2
flying,wing,36.0,7.2
door,room,36.0,7.2
skyline,skyscraper,36.0,7.2
cheetah,giraffe,36.0,7.2
feline,pets,36.0,7.2
car,parking,36.0,7.2
gull,mallard,36.0,7.2
spring,winter,36.0,7.2
daffodils,spring,36.0,7.2
building,skyline,36.0,7.2
salad,tomato,36.0,7.2
book,written,36.0,7.2
bucket,water,36.0,7.2
lady,sexy,36.0,7.2
ceiling,room,36.0,7.2
puddle,rain,36.0,7.2
costumes,outfit,36.0,7.2
hill,scenery,36.0,7.2
bacon,chicken,36.0,7.2
dawn,night,36.0,7.2
cocktail,restaurant,36.0,7.2
daffodils,petals,36.0,7.2
canyon,valley,36.0,7.2
brick,house,36.0,7.2
band,rock,36.0,7.2
book,illustrations,36.0,7.2
desk,sitting,36.0,7.2
bright,sky,36.0,7.2
autumn,sunny,36.0,7.2
colour,yellow,36.0,7.2
cold,weather,36.0,7.2
blue,green,36.0,7.2
glittering,sunlight,36.0,7.2
dripping,water,36.0,7.2
day,misty,36.0,7.2
food,noodles,36.0,7.2
goats,milk,36.0,7.2
pink,yellow,36.0,7.2
floor,interior,36.0,7.2
black,purple,36.0,7.2
door,window,36.0,7.2
city,skyline,36.0,7.2
born,living,35.0,7.0
art,work,35.0,7.0
pink,violet,35.0,7.0
bath,room,35.0,7.0
dew,rain,35.0,7.0
boys,girls,35.0,7.0
canyon,mountain,35.0,7.0
white,yellow,35.0,7.0
colour,shade,35.0,7.0
banana,cherry,35.0,7.0
mammals,rodents,35.0,7.0
explosion,fire,35.0,7.0
shore,swim,35.0,7.0
cloud,misty,35.0,7.0
sitting,stand,35.0,7.0
glittering,gold,35.0,7.0
black,white,35.0,7.0
light,neon,35.0,7.0
machine,washing,35.0,7.0
coffee,dinner,35.0,7.0
feathers,flamingo,35.0,7.0
downtown,sidewalk,35.0,7.0
cooking,eat,35.0,7.0
feline,paws,35.0,7.0
crow,gull,35.0,7.0
festival,music,35.0,7.0
dirt,road,35.0,7.0
gull,pelican,35.0,7.0
carrots,tomato,35.0,7.0
blossom,tree,35.0,7.0
restaurant,shop,35.0,7.0
cherry,grapes,35.0,7.0
automobile,racing,35.0,7.0
jazz,piano,35.0,7.0
hawk,pelican,35.0,7.0
baseball,played,35.0,7.0
bloom,plant,35.0,7.0
ceiling,wall,35.0,7.0
beef,potatoes,35.0,7.0
breakfast,restaurant,35.0,7.0
black,colour,35.0,7.0
bright,glittering,35.0,7.0
hummingbird,nest,35.0,7.0
feline,whiskers,35.0,7.0
beach,holiday,35.0,7.0
sailing,shore,35.0,7.0
design,graphic,35.0,7.0
music,track,35.0,7.0
air,cold,35.0,7.0
dessert,eat,35.0,7.0
chocolate,strawberry,35.0,7.0
dinner,night,35.0,7.0
dusk,sunrise,35.0,7.0
boat,sunk,35.0,7.0
beef,cooking,35.0,7.0
jacket,jean,35.0,7.0
computer,lab,35.0,7.0
downtown,skyline,35.0,7.0
fun,game,35.0,7.0
ivy,tree,35.0,7.0
nest,wasp,35.0,7.0
garden,pumpkin,35.0,7.0
curled,haircut,35.0,7.0
eat,meat,35.0,7.0
outfit,skirt,35.0,7.0
bacon,beef,35.0,7.0
skyscraper,tower,35.0,7.0
splash,washing,35.0,7.0
daffodils,foliage,34.0,6.8
garden,patio,34.0,6.8
metro,subway,34.0,6.8
beach,scenery,34.0,6.8
photographer,wedding,34.0,6.8
floor,room,34.0,6.8
purple,yellow,34.0,6.8
guitar,sing,34.0,6.8
petals,yellow,34.0,6.8
beads,necklace,34.0,6.8
black,brown,34.0,6.8
dessert,strawberry,34.0,6.8
beef,lamb,34.0,6.8
bread,potatoes,34.0,6.8
fishing,harbour,34.0,6.8
pug,terrier,34.0,6.8
evening,time,34.0,6.8
office,table,34.0,6.8
cat,licking,34.0,6.8
building,interior,34.0,6.8
crochet,stitches,34.0,6.8
spring,sunshine,34.0,6.8
concert,jazz,34.0,6.8
cooking,soup,34.0,6.8
shade,sun,34.0,6.8
tall,tower,34.0,6.8
pepper,salad,34.0,6.8
strawberry,tomato,34.0,6.8
fruit,peel,34.0,6.8
scenery,skyline,34.0,6.8
green,yellow,34.0,6.8
brown,orange,34.0,6.8
colour,orange,34.0,6.8
harbour,ship,34.0,6.8
violet,yellow,34.0,6.8
sports,swimming,34.0,6.8
friends,happy,34.0,6.8
blue,pink,34.0,6.8
blossom,orange,34.0,6.8
rail,station,34.0,6.8
potatoes,salad,34.0,6.8
interior,wall,34.0,6.8
hawk,hummingbird,34.0,6.8
cliff,coast,34.0,6.8
feathers,wing,34.0,6.8
brown,yellow,34.0,6.8
raspberry,sweet,34.0,6.8
concert,sing,34.0,6.8
art,craft,34.0,6.8
bloom,foliage,34.0,6.8
chicken,rice,34.0,6.8
cherry,orange,34.0,6.8
blossom,fruit,34.0,6.8
animals,wild,34.0,6.8
line,railway,34.0,6.8
roof,tiles,34.0,6.8
concert,piano,34.0,6.8
potatoes,rice,34.0,6.8
cloud,sunshine,34.0,6.8
marble,statue,34.0,6.8
frozen,meat,34.0,6.8
band,punk,34.0,6.8
insects,reptiles,34.0,6.8
building,staircase,34.0,6.8
bed,breakfast,34.0,6.8
bloom,lily,34.0,6.8
blonde,girls,34.0,6.8
jean,outfit,34.0,6.8
bread,cooking,34.0,6.8
flowers,violet,34.0,6.8
peel,skin,34.0,6.8
dessert,diner,34.0,6.8
art,exhibition,34.0,6.8
jacket,shirt,34.0,6.8
brown,purple,34.0,6.8
floor,patio,34.0,6.8
downtown,highway,34.0,6.8
purple,red,34.0,6.8
dragonfly,frog,33.0,6.6
mammals,monkeys,33.0,6.6
mist,morning,33.0,6.6
feathers,gull,33.0,6.6
gull,stork,33.0,6.6
dusk,morning,33.0,6.6
guitar,played,33.0,6.6
bloom,violet,33.0,6.6
mallard,stork,33.0,6.6
band,piano,33.0,6.6
glittering,sky,33.0,6.6
orange,pink,33.0,6.6
potatoes,soup,33.0,6.6
grey,violet,33.0,6.6
construction,demolition,33.0,6.6
scenery,valley,33.0,6.6
morning,sky,33.0,6.6
beach,cliff,33.0,6.6
storm,tropical,33.0,6.6
black,pink,33.0,6.6
hat,jacket,33.0,6.6
dragonfly,hummingbird,33.0,6.6
pink,white,33.0,6.6
blue,yellow,33.0,6.6
cold,hot,33.0,6.6
flowers,pink,33.0,6.6
bright,star,33.0,6.6
restaurant,sushi,33.0,6.6
guitar,keyboard,33.0,6.6
diner,sushi,33.0,6.6
furniture,room,33.0,6.6
desert,scenery,33.0,6.6
cafe,dinner,33.0,6.6
bakery,cafe,33.0,6.6
flamingo,pelican,33.0,6.6
salad,sandwich,33.0,6.6
bright,dark,33.0,6.6
building,floor,33.0,6.6
bacon,eat,33.0,6.6
apartment,floor,33.0,6.6
railway,underground,33.0,6.6
lips,smile,33.0,6.6
fungi,plant,33.0,6.6
breakfast,diner,33.0,6.6
feathers,pelican,33.0,6.6
bath,hot,33.0,6.6
arch,roof,33.0,6.6
game,match,33.0,6.6
metro,rail,33.0,6.6
decoration,wood,33.0,6.6
building,demolition,33.0,6.6
art,collage,33.0,6.6
ship,sunk,33.0,6.6
grey,purple,33.0,6.6
garden,lawn,33.0,6.6
orange,violet,33.0,6.6
ivy,oak,33.0,6.6
dog,licking,33.0,6.6
dawn,sunny,33.0,6.6
fun,kids,33.0,6.6
lunch,restaurant,33.0,6.6
metro,underground,33.0,6.6
eat,strawberry,33.0,6.6
foliage,rose,33.0,6.6
evening,sleep,33.0,6.6
construction,interior,33.0,6.6
weather,wet,33.0,6.6
fruit,nuts,33.0,6.6
car,park,33.0,6.6
ink,pencil,32.0,6.4
frost,wet,32.0,6.4
mural,work,32.0,6.4
berry,blossom,32.0,6.4
decoration,lighting,32.0,6.4
man,muscle,32.0,6.4
dripping,puddle,32.0,6.4
porch,stairs,32.0,6.4
brown,red,32.0,6.4
iron,rusty,32.0,6.4
apartment,bedroom,32.0,6.4
foliage,lily,32.0,6.4
face,happy,32.0,6.4
airport,traffic,32.0,6.4
rain,wind,32.0,6.4
handwriting,sketch,32.0,6.4
city,living,32.0,6.4
rain,sunny,32.0,6.4
blonde,haircut,32.0,6.4
abandoned,ruins,32.0,6.4
black,yellow,32.0,6.4
bacon,cooking,32.0,6.4
dragonfly,pond,32.0,6.4
ceiling,staircase,32.0,6.4
morning,time,32.0,6.4
potatoes,sweet,32.0,6.4
day,sunny,32.0,6.4
hotel,house,32.0,6.4
guy,haircut,32.0,6.4
mud,sand,32.0,6.4
staircase,wall,32.0,6.4
brown,white,32.0,6.4
dinner,sitting,32.0,6.4
evening,morning,32.0,6.4
bench,sitting,32.0,6.4
hummingbird,pelican,32.0,6.4
bike,chopper,32.0,6.4
foliage,tulip,32.0,6.4
bar,cafe,32.0,6.4
autumn,sunshine,32.0,6.4
potatoes,tomato,32.0,6.4
scenery,trail,32.0,6.4
jacket,skirt,32.0,6.4
construction,skyscraper,32.0,6.4
chicken,lamb,32.0,6.4
grey,orange,32.0,6.4
bikini,lake,32.0,6.4
carrots,soup,32.0,6.4
bar,diner,32.0,6.4
dessert,frozen,32.0,6.4
cooking,diner,32.0,6.4
violet,white,32.0,6.4
apple,dessert,32.0,6.4
cooking,noodles,32.0,6.4
born,son,32.0,6.4
insects,lizard,32.0,6.4
foliage,twigs,32.0,6.4
outdoor,pool,32.0,6.4
morning,sunset,32.0,6.4
escalator,subway,32.0,6.4
bacon,soup,32.0,6.4
berry,sweet,32.0,6.4
grey,pink,32.0,6.4
rain,sunshine,32.0,6.4
game,played,32.0,6.4
cocktail,dinner,32.0,6.4
building,concrete,32.0,6.4
street,town,32.0,6.4
friends,love,32.0,6.4
festival,musicians,32.0,6.4
berry,twigs,32.0,6.4
ball,dropped,31.0,6.2
black,violet,31.0,6.2
hawk,wild,31.0,6.2
cooking,salad,31.0,6.2
floor,staircase,31.0,6.2
lawn,patio,31.0,6.2
guy,sports,31.0,6.2
blossom,purple,31.0,6.2
cold,rain,31.0,6.2
reptiles,wild,31.0,6.2
glittering,sunshine,31.0,6.2
room,staircase,31.0,6.2
mammals,wild,31.0,6.2
interior,painted,31.0,6.2
forest,frog,31.0,6.2
ceiling,window,31.0,6.2
coast,sailing,31.0,6.2
relaxed,sitting,31.0,6.2
fungi,moss,31.0,6.2
interior,staircase,31.0,6.2
bride,photographer,31.0,6.2
dirt,racing,31.0,6.2
frozen,raspberry,31.0,6.2
boys,school,31.0,6.2
brown,violet,31.0,6.2
played,stadium,31.0,6.2
chapel,graveyard,31.0,6.2
dew,frost,31.0,6.2
dark,grey,31.0,6.2
desert,mountain,31.0,6.2
berry,purple,31.0,6.2
collage,illustrations,31.0,6.2
cold,wet,31.0,6.2
burger,cooking,31.0,6.2
day,evening,31.0,6.2
jean,shirt,31.0,6.2
blue,white,31.0,6.2
giraffe,lion,31.0,6.2
dandelion,foliage,31.0,6.2
birds,reptiles,31.0,6.2
bathroom,floor,31.0,6.2
love,smile,31.0,6.2
small,village,31.0,6.2
hat,jean,31.0,6.2
bright,orange,31.0,6.2
buds,fruit,31.0,6.2
fell,tears,31.0,6.2
food,fruit,31.0,6.2
red,white,31.0,6.2
collage,exhibition,31.0,6.2
orange,raspberry,31.0,6.2
hat,outfit,31.0,6.2
hockey,played,31.0,6.2
berry,eat,31.0,6.2
bag,pillow,31.0,6.2
bread,salad,31.0,6.2
bathroom,ceiling,31.0,6.2
bacon,burger,31.0,6.2
ceramic,floor,31.0,6.2
fun,relaxed,31.0,6.2
dawn,misty,31.0,6.2
hot,weather,31.0,6.2
pepper,potatoes,31.0,6.2
pink,red,31.0,6.2
interior,roof,31.0,6.2
cute,kids,31.0,6.2
vine,wine,31.0,6.2
skyline,tower,31.0,6.2
pets,terrier,31.0,6.2
girls,sexy,31.0,6.2
downtown,subway,31.0,6.2
jump,leg,31.0,6.2
dessert,salad,31.0,6.2
shirt,socks,31.0,6.2
exhibition,painting,31.0,6.2
boardwalk,trail,31.0,6.2
apple,blossom,31.0,6.2
hawk,mallard,31.0,6.2
hand,stand,31.0,6.2
flowers,yellow,31.0,6.2
floor,porch,31.0,6.2
dripping,washing,31.0,6.2
foliage,ivy,31.0,6.2
cliff,waterfall,30.0,6.0
foliage,fruit,30.0,6.0
orange,white,30.0,6.0
station,underground,30.0,6.0
foliage,yellow,30.0,6.0
dude,friends,30.0,6.0
forest,tropical,30.0,6.0
rain,sun,30.0,6.0
belly,dance,30.0,6.0
man,sexy,30.0,6.0
colorful,outfit,30.0,6.0
reptiles,rodents,30.0,6.0
burger,salad,30.0,6.0
fruit,sweet,30.0,6.0
flamingo,mallard,30.0,6.0
garage,kitchen,30.0,6.0
roof,stairs,30.0,6.0
club,hockey,30.0,6.0
house,staircase,30.0,6.0
feel,kiss,30.0,6.0
bright,red,30.0,6.0
lake,valley,30.0,6.0
door,patio,30.0,6.0
apartment,kitchen,30.0,6.0
grey,yellow,30.0,6.0
chicken,salad,30.0,6.0
punk,rock,30.0,6.0
bloom,twigs,30.0,6.0
blonde,wig,30.0,6.0
cold,water,30.0,6.0
blurred,lens,30.0,6.0
door,porch,30.0,6.0
foliage,orchids,30.0,6.0
door,interior,30.0,6.0
female,makeup,30.0,6.0
cloud,sunlight,30.0,6.0
beach,pebbles,30.0,6.0
bright,yellow,30.0,6.0
bed,floor,30.0,6.0
cherry,dessert,30.0,6.0
misty,sunrise,30.0,6.0
dark,shade,30.0,6.0
railroad,underground,30.0,6.0
cafe,donut,30.0,6.0
musicians,punk,30.0,6.0
memorial,people,30.0,6.0
stop,time,30.0,6.0
glittering,star,30.0,6.0
fun,idea,30.0,6.0
band,uniform,30.0,6.0
insects,plant,30.0,6.0
bedroom,kitchen,30.0,6.0
harbour,scenery,30.0,6.0
collage,painting,30.0,6.0
mist,sky,30.0,6.0
dawn,sunshine,30.0,6.0
costumes,shirt,30.0,6.0
mud,water,30.0,6.0
blossom,violet,30.0,6.0
fishing,shore,30.0,6.0
cloud,sunny,30.0,6.0
shade,sunlight,30.0,6.0
friends,smile,30.0,6.0
bacon,salad,30.0,6.0
pod,round,30.0,6.0
flowers,fruit,30.0,6.0
abstract,museum,30.0,6.0
door,stairs,30.0,6.0
feet,tall,30.0,6.0
cooking,fruit,30.0,6.0
burger,soup,30.0,6.0
match,played,30.0,6.0
cattle,goats,29.0,5.8
camera,theatre,29.0,5.8
flowers,wild,29.0,5.8
licking,lips,29.0,5.8
lunch,tea,29.0,5.8
berry,dessert,29.0,5.8
downtown,shopping,29.0,5.8
kitchen,washing,29.0,5.8
petals,twigs,29.0,5.8
happy,kids,29.0,5.8
amphibians,birds,29.0,5.8
cold,sunny,29.0,5.8
meat,soup,29.0,5.8
camel,desert,29.0,5.8
foliage,shade,29.0,5.8
restaurant,room,29.0,5.8
couple,family,29.0,5.8
birds,mammals,29.0,5.8
arch,porch,29.0,5.8
kitty,licking,29.0,5.8
blossom,ivy,29.0,5.8
grey,red,29.0,5.8
bright,pink,29.0,5.8
bay,cliff,29.0,5.8
door,staircase,29.0,5.8
chess,toys,29.0,5.8
gull,hummingbird,29.0,5.8
beauty,peacock,29.0,5.8
boardwalk,park,29.0,5.8
city,ruins,29.0,5.8
bay,swim,29.0,5.8
daisy,foliage,29.0,5.8
apartment,bathroom,29.0,5.8
flowers,purple,29.0,5.8
hill,path,29.0,5.8
match,stadium,29.0,5.8
monument,ruins,29.0,5.8
dark,white,29.0,5.8
ancient,city,29.0,5.8
licking,puppy,29.0,5.8
metal,punk,29.0,5.8
hotel,relaxed,29.0,5.8
nuts,sunflower,29.0,5.8
hot,wet,29.0,5.8
glass,vinyl,29.0,5.8
foliage,moss,29.0,5.8
coast,scenery,29.0,5.8
bacon,bread,29.0,5.8
brick,roof,29.0,5.8
wet,winter,29.0,5.8
dark,silhouette,29.0,5.8
bacon,dessert,29.0,5.8
floor,stairs,29.0,5.8
day,lunch,29.0,5.8
line,lunch,29.0,5.8
room,sitting,29.0,5.8
interior,outdoor,29.0,5.8
shirt,white,29.0,5.8
licking,paws,29.0,5.8
brown,pink,29.0,5.8
friends,fun,29.0,5.8
city,downtown,29.0,5.8
pool,relaxed,28.0,5.6
birds,dragonfly,28.0,5.6
bacon,tomato,28.0,5.6
dandelion,seed,28.0,5.6
purple,shade,28.0,5.6
bacon,pepper,28.0,5.6
dark,purple,28.0,5.6
door,floor,28.0,5.6
sidewalk,street,28.0,5.6
bacon,sandwich,28.0,5.6
petals,pink,28.0,5.6
colour,dark,28.0,5.6
brick,staircase,28.0,5.6
fog,sunny,28.0,5.6
valley,waterfall,28.0,5.6
rice,soup,28.0,5.6
patio,pool,28.0,5.6
patio,sitting,28.0,5.6
river,scenery,28.0,5.6
beard,blonde,28.0,5.6
nest,stork,28.0,5.6
carrots,pepper,28.0,5.6
collage,painted,28.0,5.6
jump,swimming,28.0,5.6
chapel,gravestone,28.0,5.6
feel,smile,28.0,5.6
flag,stripes,28.0,5.6
harbour,town,28.0,5.6
guitar,punk,28.0,5.6
scenery,sunny,28.0,5.6
christmas,valentine,28.0,5.6
bloom,pink,28.0,5.6
born,daughter,28.0,5.6
insects,rodents,28.0,5.6
bedroom,floor,28.0,5.6
stairs,wall,28.0,5.6
chapel,ruins,28.0,5.6
beef,tomato,28.0,5.6
doodle,scratch,28.0,5.6
daffodils,purple,28.0,5.6
lake,scenery,28.0,5.6
roof,staircase,28.0,5.6
boys,living,28.0,5.6
chain,store,28.0,5.6
coast,hill,28.0,5.6
mushrooms,pepper,28.0,5.6
porch,window,28.0,5.6
hot,water,28.0,5.6
socks,white,28.0,5.6
arch,bridge,28.0,5.6
dessert,raspberry,28.0,5.6
brick,ceiling,28.0,5.6
scenery,sunshine,28.0,5.6
city,square,28.0,5.6
stand,walk,28.0,5.6
evening,fun,28.0,5.6
happy,sexy,28.0,5.6
burger,mac,28.0,5.6
painted,sculpture,28.0,5.6
misty,morning,28.0,5.6
frost,rain,28.0,5.6
color,shade,28.0,5.6
bacon,potatoes,28.0,5.6
patio,stairs,28.0,5.6
hot,washing,27.0,5.4
button,stickers,27.0,5.4
cute,happy,27.0,5.4
happy,tears,27.0,5.4
pepper,soup,27.0,5.4
alley,racing,27.0,5.4
smile,tears,27.0,5.4
train,underground,27.0,5.4
blonde,curled,27.0,5.4
flamingo,mammals,27.0,5.4
porch,staircase,27.0,5.4
ford,river,27.0,5.4
room,stairs,27.0,5.4
face,glittering,27.0,5.4
nest,reptiles,27.0,5.4
sailing,sunk,27.0,5.4
floor,kitchen,27.0,5.4
cottage,garden,27.0,5.4
day,weather,27.0,5.4
amphibians,insects,27.0,5.4
eat,sweet,27.0,5.4
pregnant,round,27.0,5.4
brown,feathers,27.0,5.4
bed,sitting,27.0,5.4
bike,rally,27.0,5.4
apartment,patio,27.0,5.4
cooking,dessert,27.0,5.4
lily,purple,27.0,5.4
kitchen,patio,27.0,5.4
line,subway,27.0,5.4
breakfast,room,27.0,5.4
gull,reptiles,27.0,5.4
dirty,rusty,27.0,5.4
bath,bedroom,27.0,5.4
cottage,patio,27.0,5.4
misty,sunshine,27.0,5.4
band,metal,27.0,5.4
skyline,tall,27.0,5.4
berry,foliage,27.0,5.4
mushrooms,salad,27.0,5.4
abandoned,soldiers,27.0,5.4
bath,kitchen,27.0,5.4
sitting,stop,27.0,5.4
outdoor,swimming,27.0,5.4
ruins,stone,27.0,5.4
building,sidewalk,27.0,5.4
fell,stop,27.0,5.4
cloud,ripples,27.0,5.4
cliff,scenery,27.0,5.4
salad,strawberry,27.0,5.4
graveyard,ruins,27.0,5.4
pepper,tomato,27.0,5.4
line,metro,27.0,5.4
birds,wild,27.0,5.4
hill,road,27.0,5.4
cliff,harbour,27.0,5.4
clothes,sexy,27.0,5.4
baseball,club,27.0,5.4
petals,purple,27.0,5.4
collar,skirt,27.0,5.4
cottage,sleep,27.0,5.4
match,round,27.0,5.4
kitchen,stairs,27.0,5.4
church,graveyard,27.0,5.4
lighthouse,wall,27.0,5.4
kitchen,sitting,27.0,5.4
dawn,spring,27.0,5.4
hot,spring,27.0,5.4
flowers,weather,27.0,5.4
children,fun,27.0,5.4
evening,walk,27.0,5.4
cliff,sea,27.0,5.4
cold,mist,27.0,5.4
station,theatre,27.0,5.4
dusk,misty,27.0,5.4
friends,lady,27.0,5.4
mountain,sea,26.0,5.2
escalator,metro,26.0,5.2
living,old,26.0,5.2
friends,guy,26.0,5.2
theatre,tv,26.0,5.2
ceiling,kitchen,26.0,5.2
nature,snowman,26.0,5.2
coins,tickets,26.0,5.2
plane,sailing,26.0,5.2
sea,sunk,26.0,5.2
bench,boardwalk,26.0,5.2
happy,kiss,26.0,5.2
bath,bed,26.0,5.2
restaurant,shopping,26.0,5.2
canine,run,26.0,5.2
lunch,sitting,26.0,5.2
bus,rail,26.0,5.2
frog,tropical,26.0,5.2
bathroom,bed,26.0,5.2
goose,wolf,26.0,5.2
happy,mom,26.0,5.2
black,painted,26.0,5.2
glittering,scenery,26.0,5.2
beef,salad,26.0,5.2
construction,downtown,26.0,5.2
parking,underground,26.0,5.2
park,skate,26.0,5.2
apartment,pool,26.0,5.2
flood,line,26.0,5.2
marble,wall,26.0,5.2
hummingbird,tropical,26.0,5.2
palace,ruins,26.0,5.2
panda,pigs,26.0,5.2
frost,shade,26.0,5.2
cherry,sweet,26.0,5.2
carrots,fruit,26.0,5.2
brick,skyscraper,26.0,5.2
collage,sculpture,26.0,5.2
fruit,potatoes,26.0,5.2
grey,stripes,26.0,5.2
patio,room,26.0,5.2
fun,sexy,26.0,5.2
blue,fabric,26.0,5.2
guy,sexy,26.0,5.2
guitar,track,26.0,5.2
misty,scenery,26.0,5.2
kitchen,porch,26.0,5.2
sweet,wine,26.0,5.2
cute,guy,26.0,5.2
bedroom,relaxed,26.0,5.2
hummingbird,insects,26.0,5.2
hill,horizon,26.0,5.2
beef,pepper,26.0,5.2
hand,left,26.0,5.2
beef,deer,26.0,5.2
frog,whale,26.0,5.2
bright,shade,26.0,5.2
cooking,frozen,26.0,5.2
festival,gate,26.0,5.2
interior,object,25.0,5.0
bathroom,sitting,25.0,5.0
smoke,sun,25.0,5.0
crochet,jewelry,25.0,5.0
architecture,skyline,25.0,5.0
cold,puddle,25.0,5.0
blurred,eyes,25.0,5.0
guy,sleep,25.0,5.0
baseball,shirt,25.0,5.0
amphibians,pelican,25.0,5.0
shade,violet,25.0,5.0
green,shade,25.0,5.0
evening,sunny,25.0,5.0
blue,stripes,25.0,5.0
patio,staircase,25.0,5.0
puddle,street,25.0,5.0
eyes,smile,25.0,5.0
canine,licking,25.0,5.0
outfit,punk,25.0,5.0
dragonfly,reptiles,25.0,5.0
mist,sunshine,25.0,5.0
castle,ruins,25.0,5.0
angel,sculpture,25.0,5.0
buds,ivy,25.0,5.0
chicken,mammals,25.0,5.0
family,living,25.0,5.0
carrots,sunflower,25.0,5.0
interior,stairs,25.0,5.0
craft,game,25.0,5.0
valley,village,25.0,5.0
brown,gull,25.0,5.0
decoration,tulip,25.0,5.0
buds,pink,25.0,5.0
dessert,orange,25.0,5.0
mammals,reptiles,25.0,5.0
cute,sexy,25.0,5.0
relaxed,scenery,25.0,5.0
blue,bright,25.0,5.0
cold,misty,25.0,5.0
floor,skyscraper,25.0,5.0
coast,valley,25.0,5.0
ceiling,stairs,25.0,5.0
couple,living,25.0,5.0
red,stripes,25.0,5.0
sing,written,25.0,5.0
hanging,stand,25.0,5.0
meat,pepper,25.0,5.0
insects,mammals,25.0,5.0
track,vinyl,25.0,5.0
show,sketch,25.0,5.0
clothes,cute,25.0,5.0
harbour,sunk,25.0,5.0
dude,sexy,25.0,5.0
blue,shade,25.0,5.0
garden,house,25.0,5.0
crane,wild,25.0,5.0
feel,tears,24.0,4.8
bar,relaxed,24.0,4.8
breakfast,sleep,24.0,4.8
shore,valley,24.0,4.8
amphibians,wild,24.0,4.8
door,kitchen,24.0,4.8
sexy,smile,24.0,4.8
stripes,white,24.0,4.8
family,males,24.0,4.8
hummingbird,mammals,24.0,4.8
amphibians,dragonfly,24.0,4.8
rice,yellow,24.0,4.8
happy,time,24.0,4.8
line,street,24.0,4.8
black,skirt,24.0,4.8
porch,wall,24.0,4.8
dropped,hanging,24.0,4.8
mist,sunny,24.0,4.8
pepper,strawberry,24.0,4.8
ruins,skyline,24.0,4.8
nude,painting,24.0,4.8
diner,patio,24.0,4.8
bridge,ford,24.0,4.8
blonde,cute,24.0,4.8
morning,weather,24.0,4.8
dress,match,24.0,4.8
fungi,rust,24.0,4.8
stripes,yellow,24.0,4.8
chapel,tower,24.0,4.8
feathers,wild,24.0,4.8
cake,christmas,24.0,4.8
bright,raspberry,24.0,4.8
harbor,sunk,24.0,4.8
barn,owl,24.0,4.8
daisy,purple,24.0,4.8
frost,grass,24.0,4.8
blue,shirt,24.0,4.8
posted,view,24.0,4.8
hawk,mammals,24.0,4.8
garden,kitchen,24.0,4.8
bright,purple,24.0,4.8
cute,haircut,24.0,4.8
hawk,reptiles,24.0,4.8
fun,lego,24.0,4.8
snow,sunshine,24.0,4.8
bloom,purple,24.0,4.8
family,female,24.0,4.8
orange,salad,24.0,4.8
architecture,shade,24.0,4.8
bedroom,stairs,24.0,4.8
hill,town,24.0,4.8
bread,dessert,24.0,4.8
cathedral,step,24.0,4.8
bedroom,staircase,24.0,4.8
shore,town,24.0,4.8
bench,game,24.0,4.8
mist,sunlight,24.0,4.8
fountain,marble,24.0,4.8
makeup,reflection,24.0,4.8
cocktail,relaxed,24.0,4.8
sketch,texture,24.0,4.8
deer,elephant,24.0,4.8
bed,ceiling,24.0,4.8
evening,relaxed,24.0,4.8
berry,ivy,24.0,4.8
ruins,village,24.0,4.8
cafe,street,24.0,4.8
palm,twigs,24.0,4.8
frost,spring,24.0,4.8
daisy,pink,24.0,4.8
dirty,hand,24.0,4.8
arch,wall,24.0,4.8
porch,room,24.0,4.8
cottage,scenery,24.0,4.8
fruit,meat,24.0,4.8
cute,smile,24.0,4.8
bath,floor,24.0,4.8
old,town,24.0,4.8
skirt,white,24.0,4.8
glittering,misty,23.0,4.6
fire,sand,23.0,4.6
sitting,staircase,23.0,4.6
blue,dark,23.0,4.6
nails,rusty,23.0,4.6
ceiling,marble,23.0,4.6
basket,dinner,23.0,4.6
card,party,23.0,4.6
bright,foliage,23.0,4.6
cold,dripping,23.0,4.6
lamb,snow,23.0,4.6
cafe,relaxed,23.0,4.6
cathedral,ruins,23.0,4.6
hill,river,23.0,4.6
friends,night,23.0,4.6
orange,shade,23.0,4.6
living,males,23.0,4.6
coffee,lunch,23.0,4.6
key,palace,23.0,4.6
shop,show,23.0,4.6
burger,dessert,23.0,4.6
morning,relaxed,23.0,4.6
craft,note,23.0,4.6
dessert,sandwich,23.0,4.6
dirty,feel,23.0,4.6
beer,patio,23.0,4.6
eat,frozen,23.0,4.6
brick,porch,23.0,4.6
ceiling,door,23.0,4.6
deer,insects,23.0,4.6
happy,home,23.0,4.6
rock,track,23.0,4.6
footprint,tiles,23.0,4.6
exhibition,work,23.0,4.6
city,lamp,23.0,4.6
cute,lady,23.0,4.6
shade,white,23.0,4.6
beauty,orchids,23.0,4.6
hummingbird,rodents,23.0,4.6
haircut,sexy,23.0,4.6
arch,concrete,23.0,4.6
airport,asphalt,23.0,4.6
air,dew,23.0,4.6
pregnancy,sitting,23.0,4.6
frost,plant,23.0,4.6
forest,hummingbird,23.0,4.6
kiss,smile,23.0,4.6
eat,rabbit,23.0,4.6
autumn,shade,23.0,4.6
guy,kids,23.0,4.6
fell,love,23.0,4.6
oak,rose,23.0,4.6
city,fireworks,23.0,4.6
lamb,mother,23.0,4.6
cone,diamond,23.0,4.6
concrete,school,23.0,4.6
scenery,sketch,23.0,4.6
face,guy,23.0,4.6
scenery,shore,23.0,4.6
daisy,gravestone,23.0,4.6
field,skyscraper,23.0,4.6
leather,rope,23.0,4.6
sunk,sunset,23.0,4.6
amphibians,brown,23.0,4.6
evening,misty,23.0,4.6
miniature,painting,23.0,4.6
dessert,wine,23.0,4.6
foliage,tall,23.0,4.6
evening,lunch,23.0,4.6
dark,orange,23.0,4.6
dessert,lunch,23.0,4.6
misty,mountain,23.0,4.6
boys,hand,23.0,4.6
dessert,soup,23.0,4.6
blue,skirt,22.0,4.4
dark,pink,22.0,4.4
interior,patio,22.0,4.4
sunny,wet,22.0,4.4
camera,painting,22.0,4.4
automobile,police,22.0,4.4
boardwalk,evening,22.0,4.4
guy,smile,22.0,4.4
sitting,time,22.0,4.4
pink,skirt,22.0,4.4
ivy,wall,22.0,4.4
rock,sing,22.0,4.4
action,truck,22.0,4.4
hill,shore,22.0,4.4
happy,morning,22.0,4.4
demolition,skyscraper,22.0,4.4
happy,idea,22.0,4.4
hummingbird,reptiles,22.0,4.4
breakfast,sitting,22.0,4.4
light,sleep,22.0,4.4
cute,feel,22.0,4.4
beads,gold,22.0,4.4
clothes,haircut,22.0,4.4
evening,sunshine,22.0,4.4
foliage,violet,22.0,4.4
cathedral,interior,22.0,4.4
posted,quote,22.0,4.4
mammals,pelican,22.0,4.4
escalator,underground,22.0,4.4
band,outfit,22.0,4.4
church,interior,22.0,4.4
market,sushi,22.0,4.4
grey,rusty,22.0,4.4
arch,brick,22.0,4.4
feel,sleep,22.0,4.4
insects,twigs,22.0,4.4
colorful,toys,22.0,4.4
cherry,vine,22.0,4.4
dessert,noodles,22.0,4.4
black,pencil,22.0,4.4
band,track,22.0,4.4
happy,sleep,22.0,4.4
skate,vehicle,22.0,4.4
dessert,rice,22.0,4.4
movie,shopping,22.0,4.4
shade,twigs,22.0,4.4
frost,sunny,22.0,4.4
misty,sky,22.0,4.4
misty,sunset,22.0,4.4
black,stripes,22.0,4.4
church,porch,22.0,4.4
morning,smile,22.0,4.4
autumn,frost,22.0,4.4
bath,patio,22.0,4.4
person,stairs,22.0,4.4
pumpkin,valley,22.0,4.4
dark,pod,22.0,4.4
children,living,22.0,4.4
orchids,patio,22.0,4.4
shade,yellow,21.0,4.2
dirty,dripping,21.0,4.2
key,stone,21.0,4.2
people,stairs,21.0,4.2
bathroom,staircase,21.0,4.2
dome,interior,21.0,4.2
breakfast,hotel,21.0,4.2
bike,patio,21.0,4.2
female,old,21.0,4.2
glittering,smile,21.0,4.2
downtown,shore,21.0,4.2
fruit,sunflower,21.0,4.2
feline,reptiles,21.0,4.2
run,train,21.0,4.2
shopping,street,21.0,4.2
cat,garden,21.0,4.2
cute,mom,21.0,4.2
steel,wing,21.0,4.2
guy,walk,21.0,4.2
horse,work,21.0,4.2
chipmunk,wolf,21.0,4.2
red,shade,21.0,4.2
school,traffic,21.0,4.2
dance,hotel,21.0,4.2
sunny,winter,21.0,4.2
ceramic,colour,21.0,4.2
house,poster,21.0,4.2
colorful,frame,21.0,4.2
sweet,vine,21.0,4.2
barn,food,21.0,4.2
field,squirrel,21.0,4.2
brown,hawk,21.0,4.2
city,small,21.0,4.2
dark,violet,21.0,4.2
brick,interior,21.0,4.2
couple,female,21.0,4.2
cliff,sand,21.0,4.2
key,motor,21.0,4.2
square,town,21.0,4.2
misty,sunny,21.0,4.2
jean,washing,21.0,4.2
feet,piano,21.0,4.2
model,toes,21.0,4.2
crystal,spiral,21.0,4.2
cliff,shore,21.0,4.2
lake,whale,21.0,4.2
shore,waterfall,21.0,4.2
foliage,pink,21.0,4.2
hawk,insects,21.0,4.2
curled,whiskers,21.0,4.2
dessert,pepper,21.0,4.2
dinner,room,21.0,4.2
art,drive,21.0,4.2
dropped,time,21.0,4.2
hanging,sitting,21.0,4.2
skin,sunglasses,21.0,4.2
lunch,morning,21.0,4.2
drug,musicians,21.0,4.2
redhead,rusty,21.0,4.2
living,race,21.0,4.2
fell,stand,21.0,4.2
cliff,fence,21.0,4.2
misty,snow,21.0,4.2
gasoline,town,21.0,4.2
decoration,twigs,21.0,4.2
flowers,shade,21.0,4.2
skin,skirt,21.0,4.2
feel,idea,21.0,4.2
ruins,town,21.0,4.2
bedroom,breakfast,21.0,4.2
lunch,relaxed,21.0,4.2
fountain,hill,20.0,4.0
couple,males,20.0,4.0
bathroom,patio,20.0,4.0
dusk,hummingbird,20.0,4.0
guitar,vinyl,20.0,4.0
bright,fruit,20.0,4.0
dead,hanging,20.0,4.0
heart,wing,20.0,4.0
salad,sunflower,20.0,4.0
bedroom,patio,20.0,4.0
badge,metro,20.0,4.0
fun,time,20.0,4.0
dark,red,20.0,4.0
concrete,interior,20.0,4.0
cone,windmill,20.0,4.0
racing,shirt,20.0,4.0
mom,smile,20.0,4.0
object,scooter,20.0,4.0
cone,hill,20.0,4.0
breakfast,relaxed,20.0,4.0
friends,relaxed,20.0,4.0
fun,guy,20.0,4.0
black,bright,20.0,4.0
dancers,palace,20.0,4.0
frozen,salad,20.0,4.0
brown,hummingbird,20.0,4.0
escalator,railway,20.0,4.0
camel,outdoor,20.0,4.0
autumn,buds,20.0,4.0
males,old,20.0,4.0
held,nest,20.0,4.0
cute,mammals,20.0,4.0
baseball,show,20.0,4.0
patio,spring,20.0,4.0
mammals,nest,20.0,4.0
cow,pregnancy,20.0,4.0
fun,night,20.0,4.0
game,rocket,20.0,4.0
downtown,ruins,20.0,4.0
makeup,people,20.0,4.0
interior,porch,20.0,4.0
bed,patio,20.0,4.0
relaxed,sunshine,20.0,4.0
dark,yellow,20.0,4.0
floor,sitting,20.0,4.0
grave,number,20.0,4.0
mill,sunflower,20.0,4.0
farm,wind,20.0,4.0
cold,washing,20.0,4.0
dripping,hot,20.0,4.0
idea,people,20.0,4.0
couple,old,20.0,4.0
food,gull,20.0,4.0
gate,hotel,20.0,4.0
glittering,night,20.0,4.0
cold,sun,20.0,4.0
chicken,pepper,20.0,4.0
salad,sweet,20.0,4.0
porch,stone,20.0,4.0
coffee,room,20.0,4.0
berry,bright,20.0,4.0
amphibians,hummingbird,20.0,4.0
flamingo,insects,20.0,4.0
club,shirt,20.0,4.0
porch,tower,20.0,4.0
skateboard,swimsuit,20.0,4.0
desert,road,20.0,4.0
kiss,tears,20.0,4.0
feathers,grey,20.0,4.0
club,match,19.0,3.8
sitting,sleep,19.0,3.8
chapel,porch,19.0,3.8
figure,spiral,19.0,3.8
buds,purple,19.0,3.8
birds,shade,19.0,3.8
blonde,dark,19.0,3.8
burger,frozen,19.0,3.8
chain,engine,19.0,3.8
bathroom,porch,19.0,3.8
country,work,19.0,3.8
left,stop,19.0,3.8
desk,white,19.0,3.8
object,piano,19.0,3.8
can,mill,19.0,3.8
female,race,19.0,3.8
frost,sunshine,19.0,3.8
soup,sweet,19.0,3.8
black,seat,19.0,3.8
lion,pelican,19.0,3.8
graffiti,interior,19.0,3.8
apartment,sleep,19.0,3.8
cold,summer,19.0,3.8
market,orange,19.0,3.8
guy,kiss,19.0,3.8
dirty,guy,19.0,3.8
arms,caterpillars,19.0,3.8
foliage,frost,19.0,3.8
gravestone,pattern,19.0,3.8
shop,summer,19.0,3.8
petals,shade,19.0,3.8
gull,mammals,19.0,3.8
cone,palm,19.0,3.8
makeup,town,19.0,3.8
gull,insects,19.0,3.8
dessert,meat,19.0,3.8
morning,sitting,19.0,3.8
dolls,new,19.0,3.8
butterfly,glittering,19.0,3.8
interior,skyscraper,19.0,3.8
market,white,19.0,3.8
cute,fun,19.0,3.8
night,sunny,19.0,3.8
bed,staircase,19.0,3.8
miniature,painted,19.0,3.8
bloom,glittering,19.0,3.8
evening,friends,19.0,3.8
city,mill,19.0,3.8
coast,downtown,18.0,3.6
dew,sunshine,18.0,3.6
dragonfly,underwater,18.0,3.6
star,storm,18.0,3.6
patio,washing,18.0,3.6
cold,ear,18.0,3.6
house,windmill,18.0,3.6
flying,toys,18.0,3.6
breakfast,evening,18.0,3.6
hanging,rusty,18.0,3.6
dinner,relaxed,18.0,3.6
aircraft,door,18.0,3.6
porch,ruins,18.0,3.6
cop,dirty,18.0,3.6
cross,tower,18.0,3.6
city,old,18.0,3.6
cold,sunshine,18.0,3.6
dragon,metal,18.0,3.6
light,shed,18.0,3.6
hotel,library,18.0,3.6
feel,friends,18.0,3.6
parking,scenery,18.0,3.6
ruins,tower,18.0,3.6
abandoned,railroad,18.0,3.6
bright,violet,18.0,3.6
couple,makeup,18.0,3.6
dude,smile,18.0,3.6
dirty,rabbit,18.0,3.6
smile,walk,18.0,3.6
autumn,daffodils,18.0,3.6
hotel,sand,18.0,3.6
crystal,dirt,18.0,3.6
reptiles,stork,18.0,3.6
coast,sunk,18.0,3.6
dark,rusty,18.0,3.6
band,vinyl,18.0,3.6
parrot,reptiles,18.0,3.6
steel,town,18.0,3.6
architecture,table,18.0,3.6
bedroom,porch,18.0,3.6
aquarium,seagull,18.0,3.6
butterfly,transformers,18.0,3.6
feel,sitting,18.0,3.6
landscape,stadium,18.0,3.6
lunch,walk,18.0,3.6
church,cookies,18.0,3.6
stripes,violet,18.0,3.6
origami,white,18.0,3.6
bag,flag,18.0,3.6
escalator,station,18.0,3.6
dawn,snow,18.0,3.6
green,lantern,18.0,3.6
painting,work,18.0,3.6
pigeon,round,18.0,3.6
haircut,smile,18.0,3.6
coast,sketch,18.0,3.6
colorful,duck,18.0,3.6
man,stand,18.0,3.6
demolition,interior,18.0,3.6
pelican,toes,18.0,3.6
garage,garden,18.0,3.6
brown,insects,18.0,3.6
family,old,18.0,3.6
brown,pelican,18.0,3.6
fountain,parade,18.0,3.6
fungi,insects,18.0,3.6
female,living,18.0,3.6
frost,hot,18.0,3.6
handle,shop,17.0,3.4
happy,stand,17.0,3.4
collection,work,17.0,3.4
pepper,sunflower,17.0,3.4
graphic,roof,17.0,3.4
played,spiral,17.0,3.4
cute,fashion,17.0,3.4
ball,square,17.0,3.4
red,tea,17.0,3.4
port,sweet,17.0,3.4
lunch,sunny,17.0,3.4
night,stop,17.0,3.4
muscle,nature,17.0,3.4
guy,sitting,17.0,3.4
game,scooter,17.0,3.4
interior,toys,17.0,3.4
gate,pebbles,17.0,3.4
blue,socks,17.0,3.4
bedroom,pool,17.0,3.4
graveyard,house,17.0,3.4
feet,friends,17.0,3.4
cute,idea,17.0,3.4
bed,picture,17.0,3.4
glass,road,17.0,3.4
bed,kitchen,17.0,3.4
dusk,gull,17.0,3.4
bicycle,green,17.0,3.4
shade,whale,17.0,3.4
lab,spider,17.0,3.4
bar,stairs,17.0,3.4
hanging,time,17.0,3.4
reptiles,swim,17.0,3.4
happy,night,17.0,3.4
dude,fun,17.0,3.4
branch,tea,17.0,3.4
club,played,17.0,3.4
garbage,lunch,17.0,3.4
interior,tower,17.0,3.4
breakfast,people,17.0,3.4
couple,race,17.0,3.4
bay,porch,17.0,3.4
country,library,17.0,3.4
black,cigarette,17.0,3.4
handle,tram,17.0,3.4
feel,stairs,17.0,3.4
oak,petals,17.0,3.4
lake,town,17.0,3.4
played,signed,17.0,3.4
old,race,17.0,3.4
parade,store,17.0,3.4
jellyfish,texture,17.0,3.4
curled,leaf,17.0,3.4
hummingbird,moss,17.0,3.4
book,gold,17.0,3.4
desk,match,17.0,3.4
handle,lighting,17.0,3.4
frozen,soup,17.0,3.4
dude,sitting,17.0,3.4
amphibians,stork,16.0,3.2
asphalt,crane,16.0,3.2
bright,grey,16.0,3.2
flight,jaguar,16.0,3.2
happy,toes,16.0,3.2
bathroom,stairs,16.0,3.2
bay,curve,16.0,3.2
feet,train,16.0,3.2
snow,sunny,16.0,3.2
blue,happy,16.0,3.2
sunshine,wet,16.0,3.2
clown,jellyfish,16.0,3.2
family,town,16.0,3.2
pattern,time,16.0,3.2
cherry,peel,16.0,3.2
bakery,vehicle,16.0,3.2
cross,posted,16.0,3.2
garbage,underground,16.0,3.2
bible,leaf,16.0,3.2
nature,new,16.0,3.2
cute,dude,16.0,3.2
curve,dance,16.0,3.2
autumn,hat,16.0,3.2
fabric,handle,16.0,3.2
arms,white,16.0,3.2
feel,fun,16.0,3.2
bridge,ceramic,16.0,3.2
ruins,valley,16.0,3.2
castle,patio,16.0,3.2
button,grey,16.0,3.2
club,signed,16.0,3.2
feathers,insects,16.0,3.2
hotel,oak,16.0,3.2
alley,punk,16.0,3.2
design,muscle,16.0,3.2
circle,snake,16.0,3.2
auto,quote,16.0,3.2
posted,white,16.0,3.2
animals,clown,16.0,3.2
dinner,sleep,16.0,3.2
office,women,16.0,3.2
line,underground,16.0,3.2
metro,television,16.0,3.2
waterfall,wood,16.0,3.2
relaxed,restaurant,16.0,3.2
bed,stairs,16.0,3.2
dude,husky,16.0,3.2
demolition,skyline,16.0,3.2
ceiling,patio,16.0,3.2
flight,museum,16.0,3.2
paper,tattoo,16.0,3.2
action,subway,16.0,3.2
grave,shore,16.0,3.2
sunshine,winter,16.0,3.2
ford,wall,16.0,3.2
band,stockings,16.0,3.2
dirty,tears,16.0,3.2
leg,stripes,16.0,3.2
family,square,16.0,3.2
eyes,sky,16.0,3.2
dinner,morning,16.0,3.2
apartment,beach,16.0,3.2
bus,crane,16.0,3.2
aquarium,coins,16.0,3.2
path,sunflower,16.0,3.2
red,uniform,16.0,3.2
band,ear,16.0,3.2
kitchen,staircase,16.0,3.2
glittering,vintage,16.0,3.2
gold,texture,16.0,3.2
air,carnival,16.0,3.2
guy,stand,16.0,3.2
bacon,sweet,16.0,3.2
abstract,feel,16.0,3.2
band,bride,16.0,3.2
mom,sitting,15.0,3.0
foliage,purple,15.0,3.0
husky,painting,15.0,3.0
evening,surfers,15.0,3.0
postcards,texture,15.0,3.0
breakfast,night,15.0,3.0
makeup,skull,15.0,3.0
guy,tears,15.0,3.0
hamster,locked,15.0,3.0
chess,family,15.0,3.0
fun,haircut,15.0,3.0
buds,shade,15.0,3.0
ad,track,15.0,3.0
dead,pigeon,15.0,3.0
chipmunk,illustrations,15.0,3.0
cold,silver,15.0,3.0
insects,number,15.0,3.0
bar,boat,15.0,3.0
restaurant,scenery,15.0,3.0
hair,stencil,15.0,3.0
guy,idea,15.0,3.0
gravestone,silhouette,15.0,3.0
bright,mist,15.0,3.0
coins,musicians,15.0,3.0
arms,bicycle,15.0,3.0
hanging,morning,15.0,3.0
demolition,tall,15.0,3.0
bedroom,diner,15.0,3.0
candles,line,15.0,3.0
bar,ship,15.0,3.0
club,cone,15.0,3.0
art,christmas,15.0,3.0
travel,wood,15.0,3.0
feet,outdoor,15.0,3.0
hanging,left,15.0,3.0
rusty,shade,15.0,3.0
abstract,moon,15.0,3.0
auto,round,15.0,3.0
mist,temple,15.0,3.0
stripes,urban,15.0,3.0
smile,view,15.0,3.0
ripples,shadow,15.0,3.0
dirty,fun,15.0,3.0
haircut,hanging,15.0,3.0
brick,skyline,15.0,3.0
bathroom,sleep,15.0,3.0
school,tears,15.0,3.0
cute,friends,15.0,3.0
action,dress,15.0,3.0
cow,station,15.0,3.0
played,sailing,15.0,3.0
fungi,pattern,15.0,3.0
button,police,15.0,3.0
ceramic,church,15.0,3.0
home,smoking,15.0,3.0
food,wild,15.0,3.0
colorful,wood,15.0,3.0
smile,time,15.0,3.0
amphibians,flamingo,15.0,3.0
apartment,children,15.0,3.0
graveyard,silver,15.0,3.0
outfit,signed,15.0,3.0
dude,kids,15.0,3.0
pole,weather,15.0,3.0
city,round,15.0,3.0
nails,wolf,15.0,3.0
night,sunshine,15.0,3.0
bath,sleep,15.0,3.0
hanging,stencil,15.0,3.0
cherry,meat,14.0,2.8
blue,poster,14.0,2.8
fire,movie,14.0,2.8
drawn,wing,14.0,2.8
husky,played,14.0,2.8
dripping,rusty,14.0,2.8
arrow,boxer,14.0,2.8
basket,moss,14.0,2.8
pin,wing,14.0,2.8
apartment,valley,14.0,2.8
guy,poodle,14.0,2.8
seagull,urban,14.0,2.8
dessert,tomato,14.0,2.8
eggs,family,14.0,2.8
aircraft,guy,14.0,2.8
dark,flamingo,14.0,2.8
cheerleaders,scenery,14.0,2.8
pink,shade,14.0,2.8
couple,outdoor,14.0,2.8
garden,smoke,14.0,2.8
glass,mill,14.0,2.8
race,square,14.0,2.8
paper,vine,14.0,2.8
smile,stand,14.0,2.8
frost,summer,14.0,2.8
bay,parking,14.0,2.8
kiss,sitting,14.0,2.8
monkeys,oak,14.0,2.8
beads,redhead,14.0,2.8
animals,hand,14.0,2.8
cute,music,14.0,2.8
downtown,hockey,14.0,2.8
dead,guy,14.0,2.8
aircraft,asphalt,14.0,2.8
magazine,run,14.0,2.8
flight,rain,14.0,2.8
bathroom,garden,14.0,2.8
door,skyscraper,14.0,2.8
makeup,old,14.0,2.8
game,signed,14.0,2.8
dead,face,14.0,2.8
friends,sexy,14.0,2.8
flowers,interior,14.0,2.8
bag,wire,14.0,2.8
game,goats,14.0,2.8
note,rally,14.0,2.8
stairs,steel,14.0,2.8
diamond,stencil,14.0,2.8
nature,tv,14.0,2.8
happy,posted,14.0,2.8
abstract,rally,14.0,2.8
party,sailing,14.0,2.8
beard,kitty,14.0,2.8
eat,seagull,14.0,2.8
building,sandwich,14.0,2.8
belly,black,14.0,2.8
left,walk,14.0,2.8
dark,stripes,14.0,2.8
ford,valley,14.0,2.8
insects,stork,14.0,2.8
animals,mural,14.0,2.8
leather,weed,14.0,2.8
pub,washing,14.0,2.8
left,played,14.0,2.8
cop,gravestone,14.0,2.8
book,building,14.0,2.8
happy,walk,14.0,2.8
colorful,lab,14.0,2.8
flag,quote,14.0,2.8
sunk,time,14.0,2.8
friends,sitting,14.0,2.8
lantern,oak,14.0,2.8
sitting,smile,14.0,2.8
cottage,outfit,14.0,2.8
downtown,locked,14.0,2.8
pets,poster,14.0,2.8
industrial,lake,14.0,2.8
licking,sitting,14.0,2.8
pool,rust,14.0,2.8
stripes,train,14.0,2.8
beef,downtown,13.0,2.6
blonde,eyes,13.0,2.6
lady,sunset,13.0,2.6
feel,stop,13.0,2.6
old,seat,13.0,2.6
dirty,happy,13.0,2.6
ruins,shore,13.0,2.6
black,paws,13.0,2.6
eggs,lego,13.0,2.6
born,played,13.0,2.6
black,pigeon,13.0,2.6
feathers,reptiles,13.0,2.6
gymnastics,port,13.0,2.6
mom,snowman,13.0,2.6
dirty,haircut,13.0,2.6
party,seat,13.0,2.6
lily,pigs,13.0,2.6
dirty,hanging,13.0,2.6
guy,wire,13.0,2.6
orange,shop,13.0,2.6
cactus,fell,13.0,2.6
circle,sports,13.0,2.6
redhead,reflection,13.0,2.6
cafe,reflection,13.0,2.6
outfit,played,13.0,2.6
bar,female,13.0,2.6
belly,dirty,13.0,2.6
rope,train,13.0,2.6
boardwalk,dropped,13.0,2.6
abstract,candles,13.0,2.6
church,soldiers,13.0,2.6
boxer,reflection,13.0,2.6
crystal,silhouette,13.0,2.6
feel,guy,13.0,2.6
pattern,pier,13.0,2.6
downtown,field,13.0,2.6
beer,wild,13.0,2.6
hanging,happy,13.0,2.6
rope,shore,13.0,2.6
airplane,camera,13.0,2.6
button,flowers,13.0,2.6
frozen,shop,13.0,2.6
curled,licking,13.0,2.6
sunny,zoo,13.0,2.6
people,stop,13.0,2.6
bucket,insects,13.0,2.6
fence,friends,13.0,2.6
can,sketch,13.0,2.6
frozen,pebbles,13.0,2.6
ceramic,living,13.0,2.6
day,horse,13.0,2.6
born,boxer,13.0,2.6
iris,necklace,13.0,2.6
lighting,person,13.0,2.6
boot,cliff,13.0,2.6
landscape,umbrella,13.0,2.6
man,transformers,13.0,2.6
dark,sand,13.0,2.6
ruins,swimsuit,13.0,2.6
abstract,rose,13.0,2.6
guy,gymnastics,12.0,2.4
grass,ruins,12.0,2.4
lighting,stone,12.0,2.4
porch,scooter,12.0,2.4
colour,wild,12.0,2.4
crane,stairs,12.0,2.4
shore,tears,12.0,2.4
cactus,porch,12.0,2.4
belly,drawn,12.0,2.4
fabric,photos,12.0,2.4
lamb,lantern,12.0,2.4
owl,rocket,12.0,2.4
party,scooter,12.0,2.4
display,scratch,12.0,2.4
ball,curled,12.0,2.4
cookies,peel,12.0,2.4
couple,posted,12.0,2.4
field,red,12.0,2.4
theatre,wolf,12.0,2.4
blue,swing,12.0,2.4
guy,happy,12.0,2.4
quote,santa,12.0,2.4
dude,feel,12.0,2.4
bath,wine,12.0,2.4
brown,wet,12.0,2.4
kiss,stop,12.0,2.4
husky,match,12.0,2.4
cocktail,garage,12.0,2.4
face,stand,12.0,2.4
kids,stop,12.0,2.4
boxer,diner,12.0,2.4
patio,sleep,12.0,2.4
city,family,12.0,2.4
dropped,rusty,12.0,2.4
parade,table,12.0,2.4
dawn,drug,12.0,2.4
design,orange,12.0,2.4
lunch,sunshine,12.0,2.4
dirty,dude,12.0,2.4
fun,tears,12.0,2.4
bikini,ivy,12.0,2.4
step,swimsuit,12.0,2.4
frog,poppy,12.0,2.4
cross,pub,12.0,2.4
frost,lily,12.0,2.4
curve,outdoor,12.0,2.4
collage,stream,12.0,2.4
twigs,underground,12.0,2.4
chair,holiday,12.0,2.4
coffee,sun,12.0,2.4
lighting,sleep,12.0,2.4
mill,wild,12.0,2.4
circle,wig,12.0,2.4
highway,squirrel,12.0,2.4
pin,truck,12.0,2.4
boxer,swimming,12.0,2.4
shore,small,12.0,2.4
punk,vinyl,12.0,2.4
number,web,12.0,2.4
brown,demolition,12.0,2.4
interior,skyline,12.0,2.4
breakfast,floor,12.0,2.4
aerial,clown,12.0,2.4
hat,peel,12.0,2.4
baseball,rainbow,12.0,2.4
dude,happy,12.0,2.4
feet,mural,12.0,2.4
creatures,grey,12.0,2.4
cross,outfit,12.0,2.4
left,smile,11.0,2.2
fishing,rainbow,11.0,2.2
bathroom,dude,11.0,2.2
painted,puddle,11.0,2.2
skating,stickers,11.0,2.2
dome,uniform,11.0,2.2
lawn,sleep,11.0,2.2
office,sun,11.0,2.2
military,reflection,11.0,2.2
fashion,handwriting,11.0,2.2
cop,ruins,11.0,2.2
blurred,metro,11.0,2.2
smile,stop,11.0,2.2
cute,licking,11.0,2.2
cross,mug,11.0,2.2
concrete,pin,11.0,2.2
cigarette,hotel,11.0,2.2
airplane,market,11.0,2.2
architecture,yellow,11.0,2.2
handle,terrier,11.0,2.2
patio,women,11.0,2.2
green,gull,11.0,2.2
dew,parrot,11.0,2.2
country,hanging,11.0,2.2
dude,hanging,11.0,2.2
stripes,tank,11.0,2.2
hanging,tears,11.0,2.2
crochet,family,11.0,2.2
cute,posted,11.0,2.2
machine,sketch,11.0,2.2
feel,haircut,11.0,2.2
match,moss,11.0,2.2
art,sailing,11.0,2.2
foliage,restaurant,11.0,2.2
tea,village,11.0,2.2
branch,feline,11.0,2.2
day,plane,11.0,2.2
gold,idea,11.0,2.2
moon,mushrooms,11.0,2.2
interior,tall,11.0,2.2
mallard,portrait,11.0,2.2
living,stitches,11.0,2.2
fun,morning,11.0,2.2
dripping,rust,11.0,2.2
fun,stop,11.0,2.2
gull,mill,11.0,2.2
dirty,friends,11.0,2.2
blue,hand,11.0,2.2
bucket,curve,11.0,2.2
patio,swan,11.0,2.2
body,miniature,11.0,2.2
cafe,children,11.0,2.2
belly,stripes,11.0,2.2
mural,taxi,11.0,2.2
furniture,man,11.0,2.2
beads,library,11.0,2.2
daffodils,wool,11.0,2.2
eat,shade,11.0,2.2
collection,jellyfish,11.0,2.2
country,elephant,11.0,2.2
line,temple,11.0,2.2
beads,chess,11.0,2.2
skirt,wig,11.0,2.2
daisy,flood,11.0,2.2
camera,rally,11.0,2.2
happy,sitting,11.0,2.2
bottle,construction,11.0,2.2
auto,bright,11.0,2.2
computer,railway,11.0,2.2
night,sitting,11.0,2.2
hair,lizard,11.0,2.2
happy,licking,11.0,2.2
jump,sunlight,11.0,2.2
desert,smoke,11.0,2.2
chopper,window,11.0,2.2
left,rusty,11.0,2.2
hanging,stop,11.0,2.2
animals,sandwich,11.0,2.2
cute,dirty,11.0,2.2
cafe,drawn,11.0,2.2
boxer,pyramid,11.0,2.2
arms,television,10.0,2.0
feel,hanging,10.0,2.0
asphalt,moon,10.0,2.0
dusk,skirt,10.0,2.0
car,skull,10.0,2.0
left,sitting,10.0,2.0
outfit,rock,10.0,2.0
mom,stop,10.0,2.0
dripping,round,10.0,2.0
friends,stop,10.0,2.0
asphalt,water,10.0,2.0
sitting,tears,10.0,2.0
cafe,spiral,10.0,2.0
ad,bacon,10.0,2.0
green,phone,10.0,2.0
duck,outfit,10.0,2.0
coast,zebra,10.0,2.0
breakfast,makeup,10.0,2.0
purple,stripes,10.0,2.0
clothes,skyline,10.0,2.0
step,wind,10.0,2.0
portrait,rocket,10.0,2.0
break,glittering,10.0,2.0
construction,sailing,10.0,2.0
boys,gate,10.0,2.0
lens,storm,10.0,2.0
orange,school,10.0,2.0
shirt,show,10.0,2.0
gasoline,pepper,10.0,2.0
drug,sing,10.0,2.0
stickers,track,10.0,2.0
furniture,nature,10.0,2.0
played,rail,10.0,2.0
rusty,stand,10.0,2.0
military,wasp,10.0,2.0
port,squirrel,10.0,2.0
grapes,rainbow,10.0,2.0
flood,neon,10.0,2.0
morning,tears,10.0,2.0
memorial,rope,10.0,2.0
bright,rusty,10.0,2.0
home,wet,10.0,2.0
feathers,sunflower,10.0,2.0
house,stop,10.0,2.0
plant,skate,10.0,2.0
cocktail,dandelion,10.0,2.0
airport,feet,10.0,2.0
display,pond,10.0,2.0
alley,bloom,10.0,2.0
escalator,redhead,10.0,2.0
caterpillars,painted,10.0,2.0
bacon,wild,10.0,2.0
stand,tears,10.0,2.0
collar,tiger,10.0,2.0
car,hawk,10.0,2.0
burn,reading,10.0,2.0
cigarette,living,10.0,2.0
footprint,scooter,10.0,2.0
barn,mug,10.0,2.0
bacon,guy,10.0,2.0
keyboard,soldiers,10.0,2.0
cute,sitting,10.0,2.0
track,yellow,10.0,2.0
bag,dude,10.0,2.0
lady,stop,10.0,2.0
arrow,mural,10.0,2.0
jacket,stream,10.0,2.0
lab,rusty,10.0,2.0
jaguar,storm,10.0,2.0
dirty,smile,10.0,2.0
friends,rusty,10.0,2.0
morning,stop,10.0,2.0
cemetery,males,10.0,2.0
jump,stitches,10.0,2.0
friends,left,10.0,2.0
family,hawk,10.0,2.0
monster,rock,10.0,2.0
feel,time,10.0,2.0
face,hanging,10.0,2.0
pizza,railway,10.0,2.0
cross,shopping,10.0,2.0
guy,hanging,10.0,2.0
craft,van,10.0,2.0
art,beer,9.0,1.8
beard,flamingo,9.0,1.8
monster,shell,9.0,1.8
bench,mask,9.0,1.8
club,river,9.0,1.8
boxer,children,9.0,1.8
fungi,leather,9.0,1.8
licking,stop,9.0,1.8
creatures,reading,9.0,1.8
ivy,urban,9.0,1.8
bed,candy,9.0,1.8
feel,spiral,9.0,1.8
hockey,signed,9.0,1.8
daughter,pub,9.0,1.8
idea,rusty,9.0,1.8
lighting,man,9.0,1.8
dude,posted,9.0,1.8
mill,puddle,9.0,1.8
santa,table,9.0,1.8
action,whiskers,9.0,1.8
eat,web,9.0,1.8
hot,winter,9.0,1.8
dog,silver,9.0,1.8
lips,run,9.0,1.8
porch,pug,9.0,1.8
birds,pregnancy,9.0,1.8
camera,crow,9.0,1.8
eat,truck,9.0,1.8
licking,marble,9.0,1.8
rabbit,stop,9.0,1.8
paper,railway,9.0,1.8
poster,tank,9.0,1.8
clothes,transformers,9.0,1.8
smoking,sunny,9.0,1.8
cactus,leg,9.0,1.8
held,theatre,9.0,1.8
arms,outdoor,9.0,1.8
lighting,panda,9.0,1.8
punk,toes,9.0,1.8
branch,protest,9.0,1.8
daughter,graphic,9.0,1.8
air,fruit,9.0,1.8
book,copper,9.0,1.8
night,stickers,9.0,1.8
explosion,table,9.0,1.8
snake,strawberry,9.0,1.8
dragon,dropped,9.0,1.8
dog,sailing,9.0,1.8
burn,ripples,9.0,1.8
clock,pink,9.0,1.8
kittens,lingerie,9.0,1.8
abandoned,frost,9.0,1.8
chicken,star,9.0,1.8
seed,stairs,9.0,1.8
left,night,9.0,1.8
small,valley,9.0,1.8
green,number,9.0,1.8
left,morning,9.0,1.8
locked,mannequin,9.0,1.8
shade,whiskers,9.0,1.8
collar,garbage,9.0,1.8
ink,organ,9.0,1.8
poppy,store,9.0,1.8
smoking,vine,9.0,1.8
flame,words,9.0,1.8
daffodils,frost,9.0,1.8
dancers,rusty,9.0,1.8
canal,coffee,9.0,1.8
camera,mallard,9.0,1.8
noodles,pigeon,9.0,1.8
couple,square,9.0,1.8
rainbow,whale,9.0,1.8
flying,keyboard,9.0,1.8
soup,view,9.0,1.8
goats,pebbles,9.0,1.8
abandoned,button,9.0,1.8
belly,dark,9.0,1.8
diamond,parade,9.0,1.8
horse,sweet,9.0,1.8
ancient,pod,9.0,1.8
banana,feet,9.0,1.8
shed,traffic,9.0,1.8
bucket,morning,9.0,1.8
bucket,duck,8.0,1.6
dessert,eyes,8.0,1.6
cold,flag,8.0,1.6
skin,television,8.0,1.6
bedroom,feline,8.0,1.6
palm,traffic,8.0,1.6
necklace,snow,8.0,1.6
licking,origami,8.0,1.6
protest,tiles,8.0,1.6
beetles,chocolate,8.0,1.6
monkeys,pumpkin,8.0,1.6
cop,music,8.0,1.6
beard,sports,8.0,1.6
gasoline,summer,8.0,1.6
footprint,holiday,8.0,1.6
abandoned,crane,8.0,1.6
car,pigs,8.0,1.6
grave,santa,8.0,1.6
iron,splash,8.0,1.6
dirt,gymnastics,8.0,1.6
orange,wet,8.0,1.6
ceramic,ocean,8.0,1.6
vintage,zebra,8.0,1.6
hair,shore,8.0,1.6
lingerie,underground,8.0,1.6
marble,postcards,8.0,1.6
fish,leg,8.0,1.6
book,smoking,8.0,1.6
kiss,rusty,8.0,1.6
canal,number,8.0,1.6
kitchen,sleep,8.0,1.6
cherry,lamb,8.0,1.6
bag,cop,8.0,1.6
leaf,moon,8.0,1.6
dude,time,8.0,1.6
kitchen,outfit,8.0,1.6
garbage,jean,8.0,1.6
bedroom,downtown,8.0,1.6
grass,ski,8.0,1.6
day,held,8.0,1.6
mug,vehicle,8.0,1.6
lighting,small,8.0,1.6
sea,sing,8.0,1.6
computer,farm,8.0,1.6
feline,pumpkin,8.0,1.6
jean,map,8.0,1.6
dirty,eagle,8.0,1.6
book,ceramic,8.0,1.6
van,vine,8.0,1.6
desert,roof,8.0,1.6
seagull,tag,8.0,1.6
jewelry,muscle,8.0,1.6
milk,outdoor,8.0,1.6
guy,rusty,8.0,1.6
chocolate,jellyfish,8.0,1.6
boxer,stairs,8.0,1.6
jaguar,pier,7.0,1.4
nuts,waterfall,7.0,1.4
bread,chair,7.0,1.4
goats,vinyl,7.0,1.4
kittens,rain,7.0,1.4
hanging,smile,7.0,1.4
bikini,sculpture,7.0,1.4
bible,dirt,7.0,1.4
portrait,underground,7.0,1.4
clock,stripes,7.0,1.4
buds,floor,7.0,1.4
air,knitting,7.0,1.4
idea,stop,7.0,1.4
haircut,stop,7.0,1.4
storm,sweet,7.0,1.4
auto,santa,7.0,1.4
marble,sing,7.0,1.4
drive,ear,7.0,1.4
born,subway,7.0,1.4
pumpkin,road,7.0,1.4
makeup,race,7.0,1.4
washing,web,7.0,1.4
haircut,pyramid,7.0,1.4
blonde,rock,7.0,1.4
belly,field,7.0,1.4
mammals,yellow,7.0,1.4
painted,sing,7.0,1.4
cat,locomotives,7.0,1.4
dead,sidewalk,7.0,1.4
angel,pod,7.0,1.4
eat,underwater,7.0,1.4
makeup,square,7.0,1.4
cigarette,tiles,7.0,1.4
museum,scratch,7.0,1.4
butterfly,stadium,7.0,1.4
graveyard,porch,7.0,1.4
flame,peacock,7.0,1.4
chopper,poppy,7.0,1.4
rusty,tears,7.0,1.4
bloom,friends,7.0,1.4
gun,jaguar,7.0,1.4
guy,stop,7.0,1.4
cloud,kittens,7.0,1.4
pillow,stone,7.0,1.4
stockings,tomato,7.0,1.4
frost,protest,7.0,1.4
signed,stockings,7.0,1.4
angel,asphalt,7.0,1.4
ski,skirt,7.0,1.4
cat,purple,7.0,1.4
diner,muscle,7.0,1.4
marble,sunglasses,7.0,1.4
berry,flying,7.0,1.4
chocolate,rock,7.0,1.4
airplane,guitar,7.0,1.4
bread,ocean,7.0,1.4
bay,chipmunk,7.0,1.4
tall,wool,7.0,1.4
restaurant,violet,7.0,1.4
dropped,fun,7.0,1.4
purple,twigs,7.0,1.4
cemetery,cone,7.0,1.4
face,stop,7.0,1.4
dude,stop,7.0,1.4
bicycle,handwriting,7.0,1.4
chapel,dusk,7.0,1.4
cute,twigs,7.0,1.4
dragon,oak,7.0,1.4
drug,reflection,7.0,1.4
apple,relaxed,7.0,1.4
bakery,panorama,7.0,1.4
mallard,poster,7.0,1.4
snake,taxi,7.0,1.4
dessert,head,7.0,1.4
born,hockey,7.0,1.4
puddle,red,7.0,1.4
brick,dress,7.0,1.4
building,zombie,7.0,1.4
neon,tank,7.0,1.4
bible,cottage,7.0,1.4
bath,panorama,7.0,1.4
automobile,fabric,7.0,1.4
gun,picture,7.0,1.4
cow,table,6.0,1.2
born,construction,6.0,1.2
dye,kiss,6.0,1.2
baseball,born,6.0,1.2
crab,grave,6.0,1.2
craft,soup,6.0,1.2
locked,misty,6.0,1.2
horse,interior,6.0,1.2
grass,stop,6.0,1.2
jellyfish,punk,6.0,1.2
parade,salad,6.0,1.2
reptiles,vacation,6.0,1.2
clown,flood,6.0,1.2
aerial,violet,6.0,1.2
crab,ink,6.0,1.2
canyon,pizza,6.0,1.2
butterfly,left,6.0,1.2
hamster,party,6.0,1.2
museum,swim,6.0,1.2
lego,rodents,6.0,1.2
branch,lego,6.0,1.2
game,husky,6.0,1.2
camel,highway,6.0,1.2
baseball,cheetah,6.0,1.2
stripes,weather,6.0,1.2
journal,squirrel,6.0,1.2
cake,rusty,6.0,1.2
bacon,view,6.0,1.2
dandelion,stand,6.0,1.2
cheetah,flame,6.0,1.2
abstract,vehicle,6.0,1.2
party,sunk,6.0,1.2
floor,transformers,6.0,1.2
amphibians,berry,6.0,1.2
marble,monkeys,6.0,1.2
jump,salad,6.0,1.2
subway,valentine,6.0,1.2
baseball,cactus,6.0,1.2
ancient,poster,6.0,1.2
grass,skull,6.0,1.2
cattle,web,6.0,1.2
drive,lego,6.0,1.2
flying,sexy,6.0,1.2
ink,tropical,6.0,1.2
pyramid,swimsuit,6.0,1.2
chess,sleep,6.0,1.2
bag,wild,6.0,1.2
chapel,whiskers,6.0,1.2
chair,words,6.0,1.2
angel,construction,6.0,1.2
exhibition,soup,6.0,1.2
kittens,travel,6.0,1.2
swim,vehicle,6.0,1.2
costumes,ocean,6.0,1.2
pigeon,reading,6.0,1.2
origami,stadium,6.0,1.2
animals,candy,6.0,1.2
happy,stop,5.0,1.0
insects,mom,5.0,1.0
canyon,piano,5.0,1.0
leather,swan,5.0,1.0
goose,outfit,5.0,1.0
sunglasses,weed,5.0,1.0
played,wine,5.0,1.0
monkeys,restaurant,5.0,1.0
goose,locomotives,5.0,1.0
garage,mammals,5.0,1.0
drug,wolf,5.0,1.0
graveyard,pug,5.0,1.0
chair,ipod,5.0,1.0
rice,tickets,5.0,1.0
mammals,rope,5.0,1.0
hill,rust,5.0,1.0
paws,protest,5.0,1.0
petals,pug,5.0,1.0
interior,mushrooms,5.0,1.0
chocolate,squirrel,5.0,1.0
mammals,written,5.0,1.0
reading,seagull,5.0,1.0
parking,photographer,5.0,1.0
tea,whiskers,5.0,1.0
cactus,gasoline,5.0,1.0
kitchen,wedding,5.0,1.0
chocolate,wig,5.0,1.0
hanging,mom,5.0,1.0
dragonfly,piano,5.0,1.0
leather,sunshine,5.0,1.0
handwriting,pigs,5.0,1.0
brick,rabbit,5.0,1.0
burger,mountain,5.0,1.0
girls,morning,5.0,1.0
canal,silhouette,5.0,1.0
advertisement,pond,5.0,1.0
paws,theatre,5.0,1.0
raspberry,written,5.0,1.0
family,red,5.0,1.0
concrete,swan,5.0,1.0
bedroom,canyon,5.0,1.0
breakfast,staircase,5.0,1.0
flame,sidewalk,5.0,1.0
carrots,city,5.0,1.0
ipod,rope,5.0,1.0
licking,rusty,5.0,1.0
meat,pond,5.0,1.0
female,machine,5.0,1.0
living,makeup,5.0,1.0
piano,wolf,5.0,1.0
girls,wind,5.0,1.0
frog,subway,5.0,1.0
map,weed,5.0,1.0
bike,flame,5.0,1.0
dew,engine,5.0,1.0
cake,library,5.0,1.0
carnival,wool,5.0,1.0
bottle,library,5.0,1.0
eat,hair,5.0,1.0
dragon,furniture,5.0,1.0
skull,storm,5.0,1.0
rodents,smile,5.0,1.0
punk,skyscraper,5.0,1.0
gun,pizza,4.0,0.8
female,square,4.0,0.8
pub,snowman,4.0,0.8
meat,moon,4.0,0.8
potatoes,skating,4.0,0.8
dragonfly,wine,4.0,0.8
flight,whiskers,4.0,0.8
boxer,lighthouse,4.0,0.8
fungi,wedding,4.0,0.8
licking,pier,4.0,0.8
mirror,raspberry,4.0,0.8
bike,hummingbird,4.0,0.8
key,misty,4.0,0.8
cafe,frog,4.0,0.8
soup,wool,4.0,0.8
carrots,memorial,4.0,0.8
lion,square,4.0,0.8
bucket,girls,4.0,0.8
feline,nuts,4.0,0.8
gun,quote,4.0,0.8
furniture,pizza,4.0,0.8
goose,stencil,4.0,0.8
chicken,knitting,4.0,0.8
abstract,frog,4.0,0.8
ceiling,mug,4.0,0.8
fish,rocket,4.0,0.8
flamingo,office,4.0,0.8
rabbit,sphere,4.0,0.8
ice,sheep,4.0,0.8
car,tongue,4.0,0.8
bracelet,mountain,4.0,0.8
cocktail,written,4.0,0.8
lego,weather,4.0,0.8
cigarette,skating,3.0,0.6
happy,rusty,3.0,0.6
tomato,whale,3.0,0.6
chess,cigarette,3.0,0.6
fish,theatre,3.0,0.6
donut,panda,3.0,0.6
hot,zombie,3.0,0.6
machine,pond,3.0,0.6
guitar,nude,3.0,0.6
giraffe,mist,3.0,0.6
bread,cliff,3.0,0.6
bible,misty,3.0,0.6
construction,violet,3.0,0.6
cheetah,soup,3.0,0.6
puppy,skyline,3.0,0.6
children,ford,3.0,0.6
cheetah,phone,3.0,0.6
explosion,stencil,3.0,0.6
carrots,design,2.0,0.4
jellyfish,rally,2.0,0.4
military,tomato,2.0,0.4
gun,stairs,2.0,0.4
cafe,lizard,2.0,0.4
posted,tulip,2.0,0.4
grave,hat,2.0,0.4
apple,cute,2.0,0.4
angel,gasoline,1.0,0.2
giraffe,harbor,1.0,0.2
feathers,truck,1.0,0.2
festival,whiskers,1.0,0.2
muscle,tulip,1.0,0.2
bikini,pizza,1.0,0.2
bakery,zebra,0.0,0.0
